{
  "songs": [
    {
      "title": "A Lot Like You",
      "song_key": "5336",
      "hash": "e87a9b749fac7898706eb3b09e6ea6943525e151",
      "level_author_name": "BlackBlazon"
    },
    {
      "title": "The Cuss Word Song - Rusty Cage",
      "song_key": "52c7",
      "hash": "baf7123e80731b1d7df4b3dfbc49b15ac853fc15",
      "level_author_name": "Rexxz"
    },
    {
      "title": "Thaehan - Final Boss II",
      "song_key": "529e",
      "hash": "b13a744166e330baf0ab4d576bae6c5b9945390f",
      "level_author_name": "ruckus"
    },
    {
      "title": "You're Gonna Go Far, Kid (Eurobeat Remix) - TurboAutism",
      "song_key": "528c",
      "hash": "616a0fd32df4116e66f46d5c3c34ffa543c6253a",
      "level_author_name": "Joetastic"
    },
    {
      "title": "Basilisk",
      "song_key": "526d",
      "hash": "7992424e7869710432858ac76e804719adf5ed91",
      "level_author_name": "blackblazon"
    },
    {
      "title": "Memes",
      "song_key": "5229",
      "hash": "2641a091a49d041d3f1115e1c232678c21d526ec",
      "level_author_name": "blackblazon"
    },
    {
      "title": "Shockwave - Teminite",
      "song_key": "521c",
      "hash": "2c38699201ebd6d7c1ef3a7193dad9e2d73a9a64",
      "level_author_name": "heisenbergirl"
    }
  ],
  "next_page": null
}