{
  "songs": [
    {
      "title": "Happier Sunflower - Marshmello, Post Malone, Swae Lee, Bastille [Mashup by Dj Pyromania]",
      "song_key": "3519",
      "hash": "ec8dc26331e1eff4d4fabeed45b927c49a61f8ca",
      "level_author_name": "ruckus"
    },
    {
      "title": "PUPPE - Rammstein",
      "song_key": "583a",
      "hash": "e33bb284ce5af33ad2341c31c8be466c2b384381",
      "level_author_name": "Heisenberg"
    },
    {
      "title": "MEIN TEIL - Rammstein",
      "song_key": "57d3",
      "hash": "6240baee13632d6c0a2991d87dec49bf32184354",
      "level_author_name": "Heisenberg"
    },
    {
      "title": "Harder Better Faster Stronger - Far Out Remix - Daft Punk",
      "song_key": "57b8",
      "hash": "48f5b7252a06be1b4d4651ed10d74556ab79373b",
      "level_author_name": "Heisenberg (Lights by Rexxz)"
    },
    {
      "title": "Pokemon Theme Song (Metal Cover)",
      "song_key": "5768",
      "hash": "f2c7de64e9539cf983b073944c268653467e0cdf",
      "level_author_name": "Nuketime"
    },
    {
      "title": "Walking On The Moon - Infected Mushroom",
      "song_key": "56a8",
      "hash": "97df7b3a2cccedd9ce5473aff669c693e46a1778",
      "level_author_name": "KuritsaDBS"
    },
    {
      "title": "(6 Lane) Perfect Situation - Weezer",
      "song_key": "55d6",
      "hash": "18fc2b140f04041bf67c6cde01137634f814d841",
      "level_author_name": "BennyDaBeast"
    },
    {
      "title": "The Middle - Jimmy Eat World",
      "song_key": "55a5",
      "hash": "a01f855fbd0a927b48e07464f09a2172c47ce3cd",
      "level_author_name": "Joetastic"
    },
    {
      "title": "Snow Drive - Araki",
      "song_key": "5596",
      "hash": "546aaabee304b7d8a128b7bc1cb6894dcb35f986",
      "level_author_name": "Nuketime"
    },
    {
      "title": "We Will Rock You (2011 Remaster) - Queen",
      "song_key": "54c0",
      "hash": "c47b2f9e75ba677d9516304b3c8fbbc945973de0",
      "level_author_name": "Joetastic"
    },
    {
      "title": "Krab Borg Remix Compilation",
      "song_key": "54af",
      "hash": "a76618f7ba9739ad938f14edb2f5f79b5a6fc55d",
      "level_author_name": "Ruckus"
    },
    {
      "title": "Champion - Fall Out Boy",
      "song_key": "5472",
      "hash": "5f05ad258e287410a6f04fdeb567dc4550b38ddd",
      "level_author_name": "ConnorJC"
    },
    {
      "title": "Gun n' Bass pt. 2 - Boom Kitty",
      "song_key": "5470",
      "hash": "605ddd3b4bd0fdf43e5b8f6dae78c3aff6b43d03",
      "level_author_name": "ConnorJC"
    },
    {
      "title": "Stuck In Your Radio - Young Hearted Kids",
      "song_key": "542b",
      "hash": "d9ef64164b49772cff7d3e4f16a1ba84f68f66a6",
      "level_author_name": "FEFELAND"
    },
    {
      "title": "Stuck In Your Radio - Today Is The Day",
      "song_key": "542a",
      "hash": "8aff1b29f26778af4bce01229851bcb61380118a",
      "level_author_name": "FEFELAND"
    },
    {
      "title": "Stuck In Your Radio - Our Own People",
      "song_key": "5429",
      "hash": "39a423e0cdeacb76e6f11c17c608a5f8354857cb",
      "level_author_name": "FEFELAND (Lights by Rexxz)"
    },
    {
      "title": "Stuck In Your Radio - My Last Mistake",
      "song_key": "5428",
      "hash": "abe35a3c0b2d250c5a55f31157b5bb1cf9da2d84",
      "level_author_name": "FEFELAND"
    },
    {
      "title": "KDA\/POPSTARS - League of Legends",
      "song_key": "538a",
      "hash": "6b7c5baf85b9e4402b3461eb137908d4522a9a9c",
      "level_author_name": "BennyDaBeast"
    },
    {
      "title": "On Top of the World - Imagine Dragons",
      "song_key": "5389",
      "hash": "88314981432a8002f62e464562c0c41f06393ab5",
      "level_author_name": "BennyDaBeast"
    },
    {
      "title": "Memes (Maul Mode)",
      "song_key": "5339",
      "hash": "58de2d709a45b68fdb1dbbfefb187f59f629bfc5",
      "level_author_name": "BlackBlazon"
    }
  ],
  "next_page": 2
}