{
  "songs": [
    {
      "title": "Xilent - Blue Shadows",
      "song_key": "56fd",
      "hash": "c85c16376dfa3bed7288fcaa68297f151224567b",
      "level_author_name": "Rustic"
    },
    {
      "title": "Xilent - You Rise",
      "song_key": "56fc",
      "hash": "efdc54725bca3471366b81e757978b17d03e05cc",
      "level_author_name": "Rustic"
    },
    {
      "title": "SyncSaber - Send Maps to Your Game from Bsaber.com",
      "song_key": "",
      "hash": "",
      "level_author_name": ""
    },
    {
      "title": "Glow - Vexento",
      "song_key": "56f5",
      "hash": "d5809d1236bf13549d7d6e4af0c39bfd7b917d16",
      "level_author_name": "Pixelguy"
    },
    {
      "title": "Onegai Muscle [Dumbbell Nan Kilo Moteru? Opening]",
      "song_key": "56cb",
      "hash": "7aa8bd16a692b8c8769d96cf96b9b259bea2e862",
      "level_author_name": "ETAN"
    },
    {
      "title": "On The Floor (ft. Pitbull) - Jennifer Lopez",
      "song_key": "56c2",
      "hash": "56d18c176906a23b15702d3eb33f8669322ee312",
      "level_author_name": "Teuflum"
    },
    {
      "title": "Caravan Palace - Wonderland",
      "song_key": "56b3",
      "hash": "5bdd8ddebcce1e19bcd10ca8921b0d1ab7624506",
      "level_author_name": "CyanSnow"
    },
    {
      "title": "Walking On The Moon - Infected Mushroom",
      "song_key": "56a8",
      "hash": "97df7b3a2cccedd9ce5473aff669c693e46a1778",
      "level_author_name": "KuritsaDBS"
    },
    {
      "title": "Last Friday Night (T.G.I.F) - Katy Perry",
      "song_key": "56a0",
      "hash": "23ed2296de31e5e8400fd9579cf4c04da4958db7",
      "level_author_name": "Lonewolvez"
    },
    {
      "title": "Never Letting Go - Vexento",
      "song_key": "5696",
      "hash": "6f0e5d5342fc6de7f5ec66fe082c3df6716352f4",
      "level_author_name": "Pixelguy"
    },
    {
      "title": "Touch Off - The Promised Neverlands OP [Mapped by Ab, Lighted by Uninstaller]",
      "song_key": "5695",
      "hash": "47f9453ef1ddc51d865d3e8cb543dc4a8a83f06a",
      "level_author_name": "Ab & Uninstaller"
    },
    {
      "title": "Bleeding Rose (\u6ce3\u8840\u8594\u8587) - Jinny Ng",
      "song_key": "5681",
      "hash": "c9c76a57f4ea43a635513e7fa30c7779dd674561",
      "level_author_name": "Joetastic"
    },
    {
      "title": "Me & U - Succducc",
      "song_key": "5679",
      "hash": "a3bbbe2d6f64dfe8324c7098d5c35281d21fd20f",
      "level_author_name": "Ryger"
    },
    {
      "title": "Daft Punk - Pentatonix",
      "song_key": "5675",
      "hash": "122cbcfcf875abbe4956e612e5966208d7792688",
      "level_author_name": "Ryger"
    },
    {
      "title": "The End - Neil Cicierega",
      "song_key": "5674",
      "hash": "3eed1e51cf4d59abf48b11f82127a08677cd0911",
      "level_author_name": "Ryger"
    },
    {
      "title": "Shiba Island - James Landino",
      "song_key": "5673",
      "hash": "bf611bedbb348fc336a5caed7c97018d698f67cb",
      "level_author_name": "Ryger"
    },
    {
      "title": "K7 - Come Baby Come",
      "song_key": "5671",
      "hash": "09573e8a2f702781d215670d58e51c3d069060bf",
      "level_author_name": "Majorpickle"
    },
    {
      "title": "Zimzalabim - Red Velvet",
      "song_key": "5665",
      "hash": "d7289d46a7e5bf84bea59a62b557abf50067a864",
      "level_author_name": "Pixelguy"
    },
    {
      "title": "Holding Out For A Hero",
      "song_key": "5664",
      "hash": "d64f5400f932ecb1dc924b4e96d2b08918fcc5e4",
      "level_author_name": "Heisenberg"
    },
    {
      "title": "Under Cover of Darkness - The Strokes",
      "song_key": "565d",
      "hash": "3be16c84a3c6058ba2352f778338d55294ba6992",
      "level_author_name": "Brentastic"
    },
    {
      "title": "Snail's House \u00d7 Moe Shop - Pastel",
      "song_key": "564d",
      "hash": "453272dc87db07e26731cfbbbabead26712232e4",
      "level_author_name": "KikaeAeon"
    },
    {
      "title": "Miiro [BanG Dream! Soundtrack] - Roselia",
      "song_key": "5641",
      "hash": "c0929ba4250944307ad97230a38da1c450eae54c",
      "level_author_name": "Joetastic"
    },
    {
      "title": "Last Resort - Papa Roach",
      "song_key": "562a",
      "hash": "e0a2ac2516867582d96ba72d4bd7f76ec98f98f4",
      "level_author_name": "Joetastic"
    },
    {
      "title": "TheFatRat - The Calling feat. Laura Brehm",
      "song_key": "561c",
      "hash": "4e54da2ed0a9cda841ff2d6d6cf7021a017b8325",
      "level_author_name": "Oddloop"
    },
    {
      "title": "Sanctuary - Joji (All Difficulties, Single Saber, & No Arrows)",
      "song_key": "5616",
      "hash": "76bc9c795600df8c663dea4927f470d0a7700ab3",
      "level_author_name": "Skyler Wallace"
    },
    {
      "title": "Spoonman - Soundgarden",
      "song_key": "5611",
      "hash": "25dff71b1b83199345c555f6387ac61a5d567d76",
      "level_author_name": "Ris"
    },
    {
      "title": "FLO - JOYRYDE",
      "song_key": "560e",
      "hash": "b6255e4d87b840b04271c8d3c0a1d48b55624484",
      "level_author_name": "xScaramouche"
    },
    {
      "title": "Where Am I - Getsix",
      "song_key": "5609",
      "hash": "a9118d1e9403d44a24cba8da9b37e4f0b004b0b4",
      "level_author_name": "Sykes"
    },
    {
      "title": "You Are The Only One - Sergey Lazarev V2",
      "song_key": "5606",
      "hash": "d6497a25ebf9c9293fc359ed3ad0c1884047e3d5",
      "level_author_name": "DemonTony360 & HappyGLT"
    },
    {
      "title": "Ruling Me - Weezer",
      "song_key": "55f5",
      "hash": "ae3f34db204c0ea649a1009f6679c285e98cd88b",
      "level_author_name": "Joetastic"
    },
    {
      "title": "Fury - Feint",
      "song_key": "55f2",
      "hash": "8c6438508baa5d9af4d17a919effdb5f5745bbd0",
      "level_author_name": "AmstradHero"
    },
    {
      "title": "Shin Ai [BanG Dream! Soundtrack] - Roselia",
      "song_key": "55f1",
      "hash": "5dab65e6c56a1657d53d2dcf9c8c796ad2ae9357",
      "level_author_name": "Joetastic"
    },
    {
      "title": "Fall Out Boy - The Take Over, The Breaks Over",
      "song_key": "55e0",
      "hash": "c9c18976f771e855f09e23f5dd98aaefb61e1b8a",
      "level_author_name": "KikaeAeon"
    },
    {
      "title": "I Prevail - Hurricane [Mapped by Ab]",
      "song_key": "55dd",
      "hash": "3fedeb86dea392dda6558ad9ef75c147698a6765",
      "level_author_name": "Ab"
    },
    {
      "title": "(6 Lane) Perfect Situation - Weezer",
      "song_key": "55d6",
      "hash": "18fc2b140f04041bf67c6cde01137634f814d841",
      "level_author_name": "BennyDaBeast"
    },
    {
      "title": "Short Skirt Long Jacket - Cake",
      "song_key": "55d1",
      "hash": "20b9326bd71db4454aba08df06b035ea536322a9",
      "level_author_name": "TechButterfly"
    },
    {
      "title": "Next Life (ft. Krewella) - Adventure Club x Crankdat (All Difficulties & Single Saber)",
      "song_key": "55c8",
      "hash": "911cf3bc9e3bd421b48a8ab0db7dd172ed24a1fa",
      "level_author_name": "Skyler Wallace"
    },
    {
      "title": "DDD - EXID",
      "song_key": "55c7",
      "hash": "c4345b1ac5de502254cbc2e3bae117f79d922b11",
      "level_author_name": "Joetastic"
    },
    {
      "title": "Kool & The Gang - Get Down On It",
      "song_key": "55b8",
      "hash": "9c92b6ccbac6b19dfa86b4553f6f123606a40250",
      "level_author_name": "Majorpickle"
    },
    {
      "title": "Gokusaishiki - REOL",
      "song_key": "55b5",
      "hash": "31ed951ac4ec4a2aa802fbfcb21f5c2cd828a8eb",
      "level_author_name": "Kolezan and Malakite"
    },
    {
      "title": "PSYQUI feat. mizankil - Bye or not",
      "song_key": "55ae",
      "hash": "67691e785d432e34f90ba07324053ad443917e99",
      "level_author_name": "Samuel & TheRealZeroz"
    },
    {
      "title": "It's My Turn (RWBY: Volume 3 Soundtrack) - Jeff Williams ft. Casey Lee Williams (Fixed version)",
      "song_key": "55ab",
      "hash": "659e12ca4791b0b292a7528f7131d7a0e32564d5",
      "level_author_name": "Joetastic"
    },
    {
      "title": "Fall Out Boy - The Phoenix",
      "song_key": "55a6",
      "hash": "ba941ea42c18d0e00d772875448bd837a72cb08f",
      "level_author_name": "Strofan "
    },
    {
      "title": "The Middle - Jimmy Eat World",
      "song_key": "55a5",
      "hash": "a01f855fbd0a927b48e07464f09a2172c47ce3cd",
      "level_author_name": "Joetastic"
    },
    {
      "title": "Blow - Kesha (FIXED)",
      "song_key": "55a0",
      "hash": "7273559c10ebec61ba93bf4c677a49500b44ccbe",
      "level_author_name": "HelenCarnate"
    },
    {
      "title": "Mewhan - Boku no Friend",
      "song_key": "559c",
      "hash": "26e25d4f0c676e5865a015437da391c480627eb4",
      "level_author_name": "Hexagonial"
    },
    {
      "title": "Where Do We Go",
      "song_key": "5597",
      "hash": "3cf199d250f35f2b9dd16e75cb26095db438801b",
      "level_author_name": "Klexx"
    },
    {
      "title": "Marvin Gaye - Lets get it on",
      "song_key": "5594",
      "hash": "e3491ff97c244263c69928f5d050d47e3312356e",
      "level_author_name": "Majorpickle"
    },
    {
      "title": "Sentimento - Vexento",
      "song_key": "5586",
      "hash": "d1e121d028c3e1b41692f6d4f6767e60e935a476",
      "level_author_name": "Pixelguy"
    },
    {
      "title": "Glad to see you - Vexento",
      "song_key": "5585",
      "hash": "e3487474b70d969927e459a1590e93b7ad25a436",
      "level_author_name": "Pixelguy"
    }
  ],
  "next_page": 3
}