{
  "songs": [
    {
      "title": "Happier Sunflower - Marshmello, Post Malone, Swae Lee, Bastille [Mashup by Dj Pyromania]",
      "song_key": "3519",
      "hash": "ec8dc26331e1eff4d4fabeed45b927c49a61f8ca",
      "level_author_name": "ruckus"
    },
    {
      "title": "Kimagure Mercy - Hachioji-P ft. Hatsune Miku",
      "song_key": "5847",
      "hash": "4e823653dc33ed7f6121dacf7409832b8a54fb05",
      "level_author_name": "Joetastic"
    },
    {
      "title": "Jax Jones - Breathe ft. Ina Wroldsen",
      "song_key": "5846",
      "hash": "277ebba235ed6fda9cff7a1981ec11ead11e7d7a",
      "level_author_name": "Majorpickle"
    },
    {
      "title": "Jax Jones - House Work",
      "song_key": "5831",
      "hash": "41b98f13b30e07b577b8e2a2d54951a3ff519991",
      "level_author_name": "Majorpickle"
    },
    {
      "title": "The Lonely Island - I'm On A Boat",
      "song_key": "582a",
      "hash": "7e4a46f68dc7812fde2dd14b1cadd9114ec02313",
      "level_author_name": "CyanSnow"
    },
    {
      "title": "Quiet Riot - Bang Your Head (Metal Health)",
      "song_key": "581e",
      "hash": "dd26428f586363c0cfba9000d29677319b312ff2",
      "level_author_name": "Majorpickle"
    },
    {
      "title": "Aoi Shiori [BanG Dream! Soundtrack] - Afterglow",
      "song_key": "5815",
      "hash": "b72f9c495505648f08c082365a2c09fb06415b04",
      "level_author_name": "Joetastic"
    },
    {
      "title": "JVR2 - My Dad's Gone Crazy - Eminem",
      "song_key": "5800",
      "hash": "8969da00a41fef652211905389f2e3abb73569a9",
      "level_author_name": "JewelsVR"
    },
    {
      "title": "JVR2 - Lady - Obie Trice ft. Eminem",
      "song_key": "57ff",
      "hash": "d64a1442466c06383523b8813db96658d9f478fb",
      "level_author_name": "JewelsVR"
    },
    {
      "title": "JVR2 - Throw Ya Gunz - Onyx",
      "song_key": "57fe",
      "hash": "af612bc800dea394061352cb08f871f1119d1224",
      "level_author_name": "JewelsVR"
    },
    {
      "title": "JVR2 - I'm Still in Love with You - Sean Paul ft. Sasha",
      "song_key": "57fd",
      "hash": "90d1fd69d1671cd091638977b3b47b08e1cb4f56",
      "level_author_name": "JewelsVR"
    },
    {
      "title": "JVR2 - Smash Sumthin - Redman",
      "song_key": "57fc",
      "hash": "6a8b73fbac4430e5b2506dda8f0d7c780fdf6bfa",
      "level_author_name": "JewelsVR"
    },
    {
      "title": "JVR2 - Da Goodness - Redman ft. Busta Rhymes",
      "song_key": "57fb",
      "hash": "140c0515a685abe8c21e5c449856458d1ea39fcf",
      "level_author_name": "JewelsVR"
    },
    {
      "title": "JVR - Parachute - SonReal",
      "song_key": "57fa",
      "hash": "8f0878b186b45776b343042f55ac5e9edf59e93d",
      "level_author_name": "JewelsVR"
    },
    {
      "title": "JVR2 - No Limit - G-Eazy ft. A$ap Rocky. Cardi B",
      "song_key": "57f9",
      "hash": "1a777de12e1bd4ccc96a7be3ad8ada99b72cb01f",
      "level_author_name": "JewelsVR"
    },
    {
      "title": "JVR2 - 10 Bands - Joyner Lucas ft. Timbaland",
      "song_key": "57f8",
      "hash": "a78d07c12aa6500299b4c639eb4f0908894b9984",
      "level_author_name": "JewelsVR"
    },
    {
      "title": "JVR2 - Goodbyes - Post Malone ft. Young Thug",
      "song_key": "57f7",
      "hash": "1bda3a74f48f2efc44b01cd8623e2194bffbd1bd",
      "level_author_name": "JewelsVR"
    },
    {
      "title": "Safe and Sound - Capital Cities",
      "song_key": "57f3",
      "hash": "84069b0d31cede72c00a7a18fa664721377a1f1e",
      "level_author_name": "splake"
    },
    {
      "title": "Impossible Geometry - The Stupendium ft. Chi-chi",
      "song_key": "57f1",
      "hash": "84b16b7e9fe6e3b8f356be4f2dc0edc0a4178228",
      "level_author_name": "Joetastic"
    },
    {
      "title": "Bad Luck Charm (RWBY: Volume 4 Soundtrack) - Jeff Williams ft. Casey Lee Williams (Testing 15 NJS)",
      "song_key": "57f0",
      "hash": "74a5d942161597151e6d7a066f09ecb522ac79a8",
      "level_author_name": "Joetastic"
    },
    {
      "title": "The Phoenix - Fall Out Boy",
      "song_key": "57ef",
      "hash": "340c50be717cec6937dbf197c536f5b811460189",
      "level_author_name": "ConnorJC"
    },
    {
      "title": "MEIN TEIL - Rammstein",
      "song_key": "57d3",
      "hash": "6240baee13632d6c0a2991d87dec49bf32184354",
      "level_author_name": "Heisenberg"
    },
    {
      "title": "Before I Forget - Slipknot",
      "song_key": "57bf",
      "hash": "532b17cf6c33a094eb63c90db71ce117e64a6eb0",
      "level_author_name": "Ris"
    },
    {
      "title": "Harder Better Faster Stronger - Far Out Remix - Daft Punk",
      "song_key": "57b8",
      "hash": "48f5b7252a06be1b4d4651ed10d74556ab79373b",
      "level_author_name": "Heisenberg (Lights by Rexxz)"
    },
    {
      "title": "Starboy - The Weeknd ft. Daft Punk",
      "song_key": "57ad",
      "hash": "bc97155519c2f9d3b65a2f4c97e7d078d9f17823",
      "level_author_name": "Joetastic"
    },
    {
      "title": "Let's Just Live (RWBY: Volume 4 Soundtrack) - Jeff Williams ft. Casey Lee Williams",
      "song_key": "57a3",
      "hash": "d4310e78738c824e5c9d63c7b04139facc9df551",
      "level_author_name": "Joetastic"
    },
    {
      "title": "BeatOn: Pure modding magic comes to Beat Saber on the Oculus Quest",
      "song_key": "",
      "hash": "",
      "level_author_name": ""
    },
    {
      "title": "Exit Mouse - This is (not) the end",
      "song_key": "579e",
      "hash": "6ed8abedbdfc4c4bd46606033033f34f5869811f",
      "level_author_name": "CyanSnow"
    },
    {
      "title": "Zombie - Besomorph & N3WPORT (Nightcore ver.)",
      "song_key": "5791",
      "hash": "939d9d58b14fb9706342cdf545c1ee8366023bfe",
      "level_author_name": "Skeelie"
    },
    {
      "title": "Tsukiakari no Michishirube [BanG Dream! Soundtrack] - Roselia",
      "song_key": "5788",
      "hash": "b13d6691ec3182663dd81e9c8aa0c79ddaba27be",
      "level_author_name": "Joetastic"
    },
    {
      "title": "RATT - Round And Round",
      "song_key": "577b",
      "hash": "9a473e5c11deb9bd99636fa65057c136f8d88cff",
      "level_author_name": "Majorpickle"
    },
    {
      "title": "Blame - Calvin Harris ft. John Newman",
      "song_key": "5758",
      "hash": "0cd0bc69c4989daa941e015eb91f08ee9577c72a",
      "level_author_name": "Joetastic"
    },
    {
      "title": "Phoebe Ryan - Forgetting All About You",
      "song_key": "5749",
      "hash": "c4f5a3918344c4737458efd2118521ca3a5a5325",
      "level_author_name": "CyanSnow"
    },
    {
      "title": "Ed Sheeran - BLOW (with Chris Stapleton & Bruno Mars)",
      "song_key": "5746",
      "hash": "95606cd4faac4ebb8fa0d9fd60ddba38e6b04ccf",
      "level_author_name": "Majorpickle"
    },
    {
      "title": "Solitude - The Fat Rat",
      "song_key": "573d",
      "hash": "df9c8738de922fd7fb11ecf6408df1c5f6a27f8c",
      "level_author_name": "Johnboy"
    },
    {
      "title": "This Dream (Rock Cover) - Jonathan Young",
      "song_key": "573a",
      "hash": "149f624cf2f2c993583174b6f22ba6a5411a28ca",
      "level_author_name": "Joetastic"
    },
    {
      "title": "Felt - New World [Mapped and lighted by Ab]",
      "song_key": "5730",
      "hash": "74fc6f0584e450079f532959b4c0ddc3a62326e2",
      "level_author_name": "Ab"
    },
    {
      "title": "Bossfight - U got me",
      "song_key": "5728",
      "hash": "5616af185fc5f473f7326f7001026521f967132e",
      "level_author_name": "Rustic"
    },
    {
      "title": "Livin' La Vida Loca - Ricky Martin",
      "song_key": "5725",
      "hash": "13d4f57a62f8725b39e607914637625e1edaf58d",
      "level_author_name": "Joetastic"
    },
    {
      "title": "Memory Lane - AcesToAces",
      "song_key": "5353",
      "hash": "8afbb898b04f19d86babc41176e3d9aa35b8f04a",
      "level_author_name": "Joetastic"
    },
    {
      "title": "Ed Sheeran - South of the Border (feat. Camila Cabello & Cardi B)",
      "song_key": "5720",
      "hash": "6266113b656731bba506eb26491bdbfc31db024b",
      "level_author_name": "Majorpickle"
    },
    {
      "title": "Hammer Bros. Theme (NTSC Version) - SMB3",
      "song_key": "5719",
      "hash": "c0c2c0b910cc1364ffe660a0a0f335932329123f",
      "level_author_name": "Creeel"
    },
    {
      "title": "MOSHI - Pegboard Nerds & Tokyo Machine",
      "song_key": "5717",
      "hash": "c52a55c9d244f812fe3e9d43ffef26fbbf2853e7",
      "level_author_name": "EpicEwok"
    },
    {
      "title": "Play That Funky Music Rammstein",
      "song_key": "570e",
      "hash": "3da2e9d29da2bfa4bdd43fcabc339c975cd833d1",
      "level_author_name": "Heisenberg"
    },
    {
      "title": "Duel of the Fates (Techno Remix) - Star Wars",
      "song_key": "570d",
      "hash": "65c578117df8bae1c83c98b43e4218b23a8de3f3",
      "level_author_name": "Sha3dy D3stiny"
    },
    {
      "title": "Dual of the Fates (Techno Remix) (Quest ver.) - Star Wars",
      "song_key": "570c",
      "hash": "ce4887c13d59720ed180458519d16fa48ae21530",
      "level_author_name": "Sha3dy D3stiny"
    },
    {
      "title": "Karma Chameleon - Culture Club",
      "song_key": "570a",
      "hash": "5327663e704e4f7202347844738663282175b86c",
      "level_author_name": "TechButterfly"
    },
    {
      "title": "Ed Sheeran - Antisocial",
      "song_key": "5706",
      "hash": "ac448f3df3ca94a57e11f1574b986c3ee8600715",
      "level_author_name": "Majorpickle"
    },
    {
      "title": "Gonna Make You Sweat (Everybody Dance Now) - C&C Music Factory",
      "song_key": "5704",
      "hash": "e1742b6bd8b06663dd6d13edf425dfdd29fdabd1",
      "level_author_name": "baxter395"
    },
    {
      "title": "Xilent - Code Blood",
      "song_key": "56ff",
      "hash": "74575254ae759f3f836eb521b4b80093ca52cd3d",
      "level_author_name": "Rustic"
    }
  ],
  "next_page": 2
}