{
  "songs": [
    {
      "title": "Adrenaline - Vexento",
      "song_key": "5583",
      "hash": "96ebc3d6e6052c07255673e92ccc5f82e98aa238",
      "level_author_name": "Pixelguy"
    },
    {
      "title": "Thirsty? - Vexento",
      "song_key": "5582",
      "hash": "8b065c1500296293155cdaacb2ee7b6685960737",
      "level_author_name": "Pixelguy"
    },
    {
      "title": "Enormous Penis - Da Vinci's Notebook",
      "song_key": "557f",
      "hash": "2b61e7bd12379b9c1c193de7e28d1e816942c948",
      "level_author_name": "Joetastic"
    },
    {
      "title": "Camila Cabello - Havana ft. Young Thug",
      "song_key": "557a",
      "hash": "739bfa99a9e0c14df67cec2ad3fcc4ec19285f15",
      "level_author_name": "Crankor"
    },
    {
      "title": "Wild Side - Motley Crue",
      "song_key": "5576",
      "hash": "61f824045de33d2199c43d4d4d99cc1915ee476c",
      "level_author_name": "Ris"
    },
    {
      "title": "XYLO - Yes & No",
      "song_key": "556e",
      "hash": "05baf12c5826ae073f568b60442e142e1888578e",
      "level_author_name": "Raxan Zeric"
    },
    {
      "title": "It's Tricky - Run DMC",
      "song_key": "5552",
      "hash": "9027d4274febf8722078a5f70b51da58cf433322",
      "level_author_name": "Joetastic"
    },
    {
      "title": "Happy Together (V2)",
      "song_key": "553e",
      "hash": "99d1d214dde61f736d5efd47da936476a5bd1e4e",
      "level_author_name": "Skeelie"
    },
    {
      "title": "Sacrifice (RWBY: Volume 2 Soundtrack) - Jeff Williams ft. Casey Lee Williams",
      "song_key": "553b",
      "hash": "b56a448b5240733a8aba59175b1a6129292deb15",
      "level_author_name": "Joetastic"
    },
    {
      "title": "Rising (RWBY: Volume 6 Soundtrack) - Jeff Williams ft. Casey Lee Williams",
      "song_key": "5535",
      "hash": "6d4bb0fa4063952c06054eb49f0f944a1207cd2c",
      "level_author_name": "Joetastic"
    },
    {
      "title": "ECHO ft. Gumi (Dj-Jo Remix)",
      "song_key": "5534",
      "hash": "ed964887cc05d223db177e0646eaa59355de2972",
      "level_author_name": "Raxan Zeric"
    },
    {
      "title": "So Close - NOTD, Felix Jaehn, Captain Cuts, Georgia Ku",
      "song_key": "5531",
      "hash": "949edca3fb923a2f049ddd6d7a4250df77eddd03",
      "level_author_name": "CANADIAN"
    },
    {
      "title": "Big Metal Shoe (RWBY: Volume 6 Soundtrack) - Jeff Williams ft. Casey Lee Williams & Lamar Hall",
      "song_key": "552f",
      "hash": "9c0a1509cb446812b2c8deab3e0b9ae774651252",
      "level_author_name": "Joetastic"
    },
    {
      "title": "Kharon - Warriyo",
      "song_key": "552c",
      "hash": "6cd6b7f5151510fb8fb73a65827562c8ef8435be",
      "level_author_name": "Various Mappers"
    },
    {
      "title": "Blue (Da Ba Dee) - Eiffel 65",
      "song_key": "5525",
      "hash": "304ac9934717e3398a5e5b6dcf1740aff69f6fe7",
      "level_author_name": "metroidmen"
    },
    {
      "title": "Frection - I'll Be There",
      "song_key": "551e",
      "hash": "06dcb66e026585ada8c2f87d8ba0688a2e3ed2b0",
      "level_author_name": "Aeroluna & CyanSnow"
    },
    {
      "title": "We Are Your Friends (TWO LANES Remix) - Justice (All Difficulties & Single Saber)",
      "song_key": "5519",
      "hash": "be16ddbdb319391e6d33072373c93c798bf4cc89",
      "level_author_name": "Skyler Wallace"
    },
    {
      "title": "SAIKOU - Tokyo Machine",
      "song_key": "5513",
      "hash": "1c4f4f0ab624b1e49b591d59fc6169a3fa834a73",
      "level_author_name": "Pixelguy"
    },
    {
      "title": "Toto - Rosanna",
      "song_key": "5506",
      "hash": "d9c119d480c7cedc53937a67246f51d95ca63200",
      "level_author_name": "Majorpickle"
    },
    {
      "title": "You & Me - Yukari Tamura feat.mots",
      "song_key": "54fd",
      "hash": "e9ddcf9bd4276927c1b1f1f763749c9f615a755e",
      "level_author_name": "ejiejidayo"
    },
    {
      "title": "Beat Saber XIX, by KoleAb",
      "song_key": "54f3",
      "hash": "90f5d8673ee4e39897ead572fc98e5c1171027e6",
      "level_author_name": "Various Mappers"
    },
    {
      "title": "ETERNAL BLAZE [BanG Dream! Soundtrack] - Roselia",
      "song_key": "54f2",
      "hash": "2f4572111932fd8c276a72d3fea4ae570515df21",
      "level_author_name": "Joetastic"
    },
    {
      "title": "Belong - slenderbodies",
      "song_key": "54e8",
      "hash": "7c2d76b46ae004563a2e91a007daa272999ecc08",
      "level_author_name": "TechButterfly"
    },
    {
      "title": "Shunkan Sentimental [BanG Dream! Soundtrack] - Afterglow",
      "song_key": "54d8",
      "hash": "47172ffb3a347fed5e7a88130bb89b7ca6110426",
      "level_author_name": "Joetastic"
    },
    {
      "title": "The Winking Owl - Now What",
      "song_key": "54d5",
      "hash": "d10c999310772bd10ce76fae37364fac7bd1e475",
      "level_author_name": "Kikaeaeon"
    },
    {
      "title": "BTS (feat. Halsey) - Boy With Luv",
      "song_key": "4611",
      "hash": "c0e3706463c5c9b993ba5d05c2166fb0b512e695",
      "level_author_name": "simplymarvellous"
    },
    {
      "title": "We Will Rock You (2011 Remaster) - Queen",
      "song_key": "54c0",
      "hash": "c47b2f9e75ba677d9516304b3c8fbbc945973de0",
      "level_author_name": "Joetastic"
    },
    {
      "title": "Bodies - Drowning Pool",
      "song_key": "54bb",
      "hash": "8818e19d544a6ca8b1a05e7324731fee2f38b58f",
      "level_author_name": "Joetastic"
    },
    {
      "title": "Krab Borg Remix Compilation",
      "song_key": "54af",
      "hash": "a76618f7ba9739ad938f14edb2f5f79b5a6fc55d",
      "level_author_name": "Ruckus"
    },
    {
      "title": "Hikaru Nara (Drum & Bass Remix) - Miraie",
      "song_key": "54a6",
      "hash": "6f154b53c7c7555b11b624f8a99a9649d461a6c2",
      "level_author_name": "Joetastic"
    },
    {
      "title": "Must Have Been The Wind - Alec Benjamin",
      "song_key": "549a",
      "hash": "36cd99fddcc4f971e7f371fe27f6cd7d93d2739a",
      "level_author_name": "Izzake"
    },
    {
      "title": "My Cloud [Monstercat Release]",
      "song_key": "5499",
      "hash": "1c387b62faefbde3ad2700087e3861f2238312be",
      "level_author_name": "Izzake"
    },
    {
      "title": "Nhato - Warg",
      "song_key": "5495",
      "hash": "f7ce0c88d9de8bbdf74bf2465919d70219a38376",
      "level_author_name": "AaltopahWi, Skeelie"
    },
    {
      "title": "Nothing's Carved in Stone - Out of Control",
      "song_key": "548b",
      "hash": "998bac3f27c1227a3e40224b32a565e2ea4ff37d",
      "level_author_name": "KikaeAeon"
    },
    {
      "title": "Sabrina Carpenter - In My Bed",
      "song_key": "547f",
      "hash": "dbc39286ddf73a5b5f90ff88b51c219515007aa9",
      "level_author_name": "Majorpickle"
    },
    {
      "title": "Champion - Fall Out Boy",
      "song_key": "5472",
      "hash": "5f05ad258e287410a6f04fdeb567dc4550b38ddd",
      "level_author_name": "ConnorJC"
    },
    {
      "title": "Gun n' Bass pt. 2 - Boom Kitty",
      "song_key": "5470",
      "hash": "605ddd3b4bd0fdf43e5b8f6dae78c3aff6b43d03",
      "level_author_name": "ConnorJC"
    },
    {
      "title": "That Is How I Roll! [BanG Dream! Soundtrack] - Afterglow",
      "song_key": "546a",
      "hash": "c33befb7cc6b1fb7ec15c885655c2804a5d76626",
      "level_author_name": "Joetastic"
    },
    {
      "title": "Material Girl - Madonna",
      "song_key": "545c",
      "hash": "9e2059a9f89b1c7f834b291dfff4145f519a2915",
      "level_author_name": "Ryger"
    },
    {
      "title": "Stronger (Short Version) | Charted by StyngMe |",
      "song_key": "5458",
      "hash": "01b00161d751116e197f15488033b97cd2955f4f",
      "level_author_name": "StyngMe"
    },
    {
      "title": "Lost Kings - Too Far Gone (ft. Anna Clendening)",
      "song_key": "5451",
      "hash": "12abe1074702704f3c558b062deac4c1c67cb6f1",
      "level_author_name": "Majorpickle"
    },
    {
      "title": "Do Not Remember Anymore (\u5225\u518d\u8a18\u8d77) - Jinny Ng",
      "song_key": "5450",
      "hash": "3d38db8eca745a197daac4b90daf8882c59aa997",
      "level_author_name": "Joetastic"
    },
    {
      "title": "Happy If You're Happy (Remix ft. The Knocks) - Matt and Kim",
      "song_key": "5445",
      "hash": "22da08734befcefc741b8d6d11993040a78832bb",
      "level_author_name": "TechButterfly"
    },
    {
      "title": "Aerosmith - Dude Looks Like A Lady",
      "song_key": "5442",
      "hash": "97d55b8ed9d694f2fa05073016c240921450fb13",
      "level_author_name": "Majorpickle"
    },
    {
      "title": "The Grave (ft. Gabriella Hook) | By Apashe, Black Tiger Sex Machine | Fulfilled Commission | Charted by StyngMe |",
      "song_key": "5440",
      "hash": "4d411eabf0266f6514c9bc714b1fd6554168f6cb",
      "level_author_name": "Apashe, Black Tiger Sex Machine"
    },
    {
      "title": "Tomoshibi no Manimani [Kakuriyo no Yadomeshi Opening] - Nao Touyama",
      "song_key": "5431",
      "hash": "4711d3f7659bf5da6ecbc0cffec0553ad6dcb940",
      "level_author_name": "Joetastic"
    },
    {
      "title": "Can You Dig It - Iron man 3 Main Titles",
      "song_key": "5420",
      "hash": "fde11ecac0c4bf39a5edf3ad366317dadc9fb2a3",
      "level_author_name": "Dack"
    },
    {
      "title": "Arakawa Chika - Purely Sky (TV Size)",
      "song_key": "540f",
      "hash": "a93db60df8ac2ab2de023387b4caecbd67d1bfe1",
      "level_author_name": "KikaeAeon"
    },
    {
      "title": "Keep The Rave Alive - Jauz x Laser Laser Laser (collab w\/Heisenberg)",
      "song_key": "540b",
      "hash": "511bfb7e192faa0615691c4e4e8d21bc162a84cf",
      "level_author_name": "Skyler Wallace & Heisenberg"
    },
    {
      "title": "Rihanna - Don't Stop The Music",
      "song_key": "540a",
      "hash": "faf447c655594343015fd38109e6a223f4904dfd",
      "level_author_name": "Majorpickle"
    }
  ],
  "next_page": 4
}