﻿<?xml version="1.0" encoding="UTF-8"?>
<rss version="2.0"
	xmlns:content="http://purl.org/rss/1.0/modules/content/"
	xmlns:atom="http://www.w3.org/2005/Atom"
	xmlns:sy="http://purl.org/rss/1.0/modules/syndication/"
	xmlns:slash="http://purl.org/rss/1.0/modules/slash/"
	>

  <channel>
    <title>BeastSaber | Zingabopp | Following Activity</title>
    <link>https://bsaber.com/members/zingabopp/wall/followings/</link>
    <atom:link href="https://bsaber.com/members/zingabopp/wall/followings/feed/?acpage=2" rel="self" type="application/rss+xml" />
    <description>Activity feed for people that Zingabopp is following.</description>
    <lastBuildDate>Mon, 22 Jul 2019 04:02:42 +0000</lastBuildDate>
    <generator>https://buddypress.org/?v=4.3.0</generator>
    <language>en-US</language>
    <ttl>30</ttl>
    <sy:updatePeriod>hourly</sy:updatePeriod>
    <sy:updateFrequency>2</sy:updateFrequency>

    <item>
      <guid isPermaLink="false">0cc9e3398731f3da782293554386cbd5</guid>
      <title>uncurated wrote a new post</title>
      <link>https://bsaber.com/?p=1159647</link>
      <pubDate>Fri, 28 Jun 2019 16:57:37 +0000</pubDate>


      <slash:comments>0</slash:comments>

      <SongKey>54d8</SongKey>
      <DownloadURL>https://beatsaver.com/api/download/key/54d8</DownloadURL>
      <Hash>47172ffb3a347fed5e7a88130bb89b7ca6110426</Hash>
      <LevelAuthorName>Joetastic</LevelAuthorName>
      <SongTitle>Shunkan Sentimental [BanG Dream! Soundtrack] &#8211; Afterglow</SongTitle>
    </item>
    <item>
      <guid isPermaLink="false">8f67c0a2febacddba1450d56e926434f</guid>
      <title>uncurated wrote a new post</title>
      <link>https://bsaber.com/?p=1159578</link>
      <pubDate>Fri, 28 Jun 2019 06:28:25 +0000</pubDate>


      <slash:comments>0</slash:comments>

      <SongKey>54c2</SongKey>
      <DownloadURL>https://beatsaver.com/api/download/key/54c2</DownloadURL>
      <Hash>1a2250fe6f0f87e18527b8c32b9ebbf673edf16f</Hash>
      <LevelAuthorName>Joetastic</LevelAuthorName>
      <SongTitle>Believer but Bandoot duets the chorus &#8211; Bandoot</SongTitle>
    </item>
    <item>
      <guid isPermaLink="false">15c8aac6108c0d8b7f0bd8147130b554</guid>
      <title>uncurated wrote a new post</title>
      <link>https://bsaber.com/?p=1159572</link>
      <pubDate>Fri, 28 Jun 2019 05:25:57 +0000</pubDate>


      <slash:comments>0</slash:comments>

      <SongKey>54c0</SongKey>
      <DownloadURL>https://beatsaver.com/api/download/key/54c0</DownloadURL>
      <Hash>c47b2f9e75ba677d9516304b3c8fbbc945973de0</Hash>
      <LevelAuthorName>Joetastic</LevelAuthorName>
      <SongTitle>We Will Rock You (2011 Remaster) &#8211; Queen</SongTitle>
    </item>
    <item>
      <guid isPermaLink="false">20be71c12b7901076abf52232286f45f</guid>
      <title>uncurated wrote a new post</title>
      <link>https://bsaber.com/?p=1159554</link>
      <pubDate>Thu, 27 Jun 2019 18:32:03 +0000</pubDate>


      <slash:comments>0</slash:comments>

      <SongKey>54bb</SongKey>
      <DownloadURL>https://beatsaver.com/api/download/key/54bb</DownloadURL>
      <Hash>8818e19d544a6ca8b1a05e7324731fee2f38b58f</Hash>
      <LevelAuthorName>Joetastic</LevelAuthorName>
      <SongTitle>Bodies &#8211; Drowning Pool</SongTitle>
    </item>
    <item>
      <guid isPermaLink="false">2070b32308d32aeb55ef6f6255a9c2bf</guid>
      <title>uncurated wrote a new post</title>
      <link>https://bsaber.com/?p=1159518</link>
      <pubDate>Thu, 27 Jun 2019 11:43:36 +0000</pubDate>


      <slash:comments>0</slash:comments>

      <SongKey>54af</SongKey>
      <DownloadURL>https://beatsaver.com/api/download/key/54af</DownloadURL>
      <Hash>a76618f7ba9739ad938f14edb2f5f79b5a6fc55d</Hash>
      <LevelAuthorName>Ruckus</LevelAuthorName>
      <SongTitle>Krab Borg Remix Compilation</SongTitle>
    </item>
    <item>
      <guid isPermaLink="false">b2f253142320179d82e874147a148ea3</guid>
      <title>uncurated wrote a new post</title>
      <link>https://bsaber.com/?p=1159489</link>
      <pubDate>Thu, 27 Jun 2019 08:06:17 +0000</pubDate>


      <slash:comments>0</slash:comments>

      <SongKey>54a6</SongKey>
      <DownloadURL>https://beatsaver.com/api/download/key/54a6</DownloadURL>
      <Hash>6f154b53c7c7555b11b624f8a99a9649d461a6c2</Hash>
      <LevelAuthorName>Joetastic</LevelAuthorName>
      <SongTitle>Hikaru Nara (Drum &amp; Bass Remix) &#8211; Miraie</SongTitle>
    </item>
    <item>
      <guid isPermaLink="false">eb1200b46a52c91eadc4ef35ae5bd928</guid>
      <title>uncurated wrote a new post</title>
      <link>https://bsaber.com/?p=1159311</link>
      <pubDate>Tue, 25 Jun 2019 17:14:06 +0000</pubDate>


      <slash:comments>0</slash:comments>

      <SongKey>5472</SongKey>
      <DownloadURL>https://beatsaver.com/api/download/key/5472</DownloadURL>
      <Hash>5f05ad258e287410a6f04fdeb567dc4550b38ddd</Hash>
      <LevelAuthorName>ConnorJC</LevelAuthorName>
      <SongTitle>Champion &#8211; Fall Out Boy</SongTitle>
    </item>
    <item>
      <guid isPermaLink="false">5a98566ed14d97943f2a38d6ede0c5c0</guid>
      <title>uncurated wrote a new post</title>
      <link>https://bsaber.com/?p=1159317</link>
      <pubDate>Tue, 25 Jun 2019 17:12:08 +0000</pubDate>


      <slash:comments>0</slash:comments>

      <SongKey>5470</SongKey>
      <DownloadURL>https://beatsaver.com/api/download/key/5470</DownloadURL>
      <Hash>605ddd3b4bd0fdf43e5b8f6dae78c3aff6b43d03</Hash>
      <LevelAuthorName>ConnorJC</LevelAuthorName>
      <SongTitle>Gun n&#8217; Bass pt. 2 &#8211; Boom Kitty</SongTitle>
    </item>
    <item>
      <guid isPermaLink="false">19388209d3f11de294e1796935076d1d</guid>
      <title>uncurated wrote a new post</title>
      <link>https://bsaber.com/?p=1159289</link>
      <pubDate>Tue, 25 Jun 2019 13:44:32 +0000</pubDate>


      <slash:comments>0</slash:comments>

      <SongKey>546a</SongKey>
      <DownloadURL>https://beatsaver.com/api/download/key/546a</DownloadURL>
      <Hash>c33befb7cc6b1fb7ec15c885655c2804a5d76626</Hash>
      <LevelAuthorName>Joetastic</LevelAuthorName>
      <SongTitle>That Is How I Roll! [BanG Dream! Soundtrack] &#8211; Afterglow</SongTitle>
    </item>
    <item>
      <guid isPermaLink="false">ac133599acb16b60a64deed89c47a991</guid>
      <title>uncurated wrote a new post</title>
      <link>https://bsaber.com/?p=1159203</link>
      <pubDate>Mon, 24 Jun 2019 17:21:25 +0000</pubDate>


      <slash:comments>0</slash:comments>

      <SongKey>5450</SongKey>
      <DownloadURL>https://beatsaver.com/api/download/key/5450</DownloadURL>
      <Hash>3d38db8eca745a197daac4b90daf8882c59aa997</Hash>
      <LevelAuthorName>Joetastic</LevelAuthorName>
      <SongTitle>Do Not Remember Anymore (別再記起) &#8211; Jinny Ng</SongTitle>
    </item>
    <item>
      <guid isPermaLink="false">2846a885ece0b152c4163b6f4363aed3</guid>
      <title>uncurated wrote a new post</title>
      <link>https://bsaber.com/?p=1159121</link>
      <pubDate>Sun, 23 Jun 2019 18:58:46 +0000</pubDate>


      <slash:comments>0</slash:comments>

      <SongKey>5436</SongKey>
      <DownloadURL>https://beatsaver.com/api/download/key/5436</DownloadURL>
      <Hash>45dca1298ad312de981a5a9503588e1054c1a24b</Hash>
      <LevelAuthorName>Nuketime</LevelAuthorName>
      <SongTitle>WE ARE NOT CURZED &#8211; Camellia</SongTitle>
    </item>
    <item>
      <guid isPermaLink="false">2a31a2359a9d2d02d85f916b0de63c12</guid>
      <title>uncurated wrote a new post</title>
      <link>https://bsaber.com/?p=1159104</link>
      <pubDate>Sun, 23 Jun 2019 15:58:42 +0000</pubDate>


      <slash:comments>0</slash:comments>

      <SongKey>5431</SongKey>
      <DownloadURL>https://beatsaver.com/api/download/key/5431</DownloadURL>
      <Hash>4711d3f7659bf5da6ecbc0cffec0553ad6dcb940</Hash>
      <LevelAuthorName>Joetastic</LevelAuthorName>
      <SongTitle>Tomoshibi no Manimani [Kakuriyo no Yadomeshi Opening] &#8211; Nao Touyama</SongTitle>
    </item>
    <item>
      <guid isPermaLink="false">68090f62de6da1ab9c54c1b267999393</guid>
      <title>uncurated wrote a new post</title>
      <link>https://bsaber.com/?p=1159077</link>
      <pubDate>Sun, 23 Jun 2019 12:44:02 +0000</pubDate>


      <slash:comments>0</slash:comments>

      <SongKey>542c</SongKey>
      <DownloadURL>https://beatsaver.com/api/download/key/542c</DownloadURL>
      <Hash>eb0b6bfd488d0393eb3596929439543fa0f40520</Hash>
      <LevelAuthorName>Nuketime</LevelAuthorName>
      <SongTitle>Road Of Resistance &#8211; BABYMETAL</SongTitle>
    </item>
    <item>
      <guid isPermaLink="false">328b8b958e21395906f85098c0bc4bcc</guid>
      <title>uncurated wrote a new post</title>
      <link>https://bsaber.com/?p=1159080</link>
      <pubDate>Sun, 23 Jun 2019 12:42:43 +0000</pubDate>


      <slash:comments>0</slash:comments>

      <SongKey>542b</SongKey>
      <DownloadURL>https://beatsaver.com/api/download/key/542b</DownloadURL>
      <Hash>d9ef64164b49772cff7d3e4f16a1ba84f68f66a6</Hash>
      <LevelAuthorName>FEFELAND</LevelAuthorName>
      <SongTitle>Stuck In Your Radio &#8211; Young Hearted Kids</SongTitle>
    </item>
    <item>
      <guid isPermaLink="false">ae8313abecec8c89771ff48d6225d7ce</guid>
      <title>uncurated wrote a new post</title>
      <link>https://bsaber.com/?p=1159083</link>
      <pubDate>Sun, 23 Jun 2019 12:42:34 +0000</pubDate>


      <slash:comments>0</slash:comments>

      <SongKey>542a</SongKey>
      <DownloadURL>https://beatsaver.com/api/download/key/542a</DownloadURL>
      <Hash>8aff1b29f26778af4bce01229851bcb61380118a</Hash>
      <LevelAuthorName>FEFELAND</LevelAuthorName>
      <SongTitle>Stuck In Your Radio &#8211; Today Is The Day</SongTitle>
    </item>
    <item>
      <guid isPermaLink="false">1d392c335b054c60f2003451f4cdfd32</guid>
      <title>uncurated wrote a new post</title>
      <link>https://bsaber.com/?p=1159086</link>
      <pubDate>Sun, 23 Jun 2019 12:42:24 +0000</pubDate>


      <slash:comments>0</slash:comments>

      <SongKey>5429</SongKey>
      <DownloadURL>https://beatsaver.com/api/download/key/5429</DownloadURL>
      <Hash>39a423e0cdeacb76e6f11c17c608a5f8354857cb</Hash>
      <LevelAuthorName>FEFELAND (Lights by Rexxz)</LevelAuthorName>
      <SongTitle>Stuck In Your Radio &#8211; Our Own People</SongTitle>
    </item>
    <item>
      <guid isPermaLink="false">861ee70afec44e7121153e13fc5286fa</guid>
      <title>uncurated wrote a new post</title>
      <link>https://bsaber.com/?p=1159089</link>
      <pubDate>Sun, 23 Jun 2019 12:42:14 +0000</pubDate>


      <slash:comments>0</slash:comments>

      <SongKey>5428</SongKey>
      <DownloadURL>https://beatsaver.com/api/download/key/5428</DownloadURL>
      <Hash>abe35a3c0b2d250c5a55f31157b5bb1cf9da2d84</Hash>
      <LevelAuthorName>FEFELAND</LevelAuthorName>
      <SongTitle>Stuck In Your Radio &#8211; My Last Mistake</SongTitle>
    </item>
    <item>
      <guid isPermaLink="false">53fbe97246aeafbc00c0a744c4b8055c</guid>
      <title>uncurated wrote a new post</title>
      <link>https://bsaber.com/?p=1158928</link>
      <pubDate>Sat, 22 Jun 2019 08:36:26 +0000</pubDate>


      <slash:comments>0</slash:comments>

      <SongKey>53fb</SongKey>
      <DownloadURL>https://beatsaver.com/api/download/key/53fb</DownloadURL>
      <Hash>82c4078f759517e713c06b7dd6ca568d64ba9419</Hash>
      <LevelAuthorName>Joetastic</LevelAuthorName>
      <SongTitle>Rodeo &#8211; Lil Nas X ft. Cardi B</SongTitle>
    </item>
    <item>
      <guid isPermaLink="false">63773c23dbe62fc46c987538693c7678</guid>
      <title>uncurated wrote a new post</title>
      <link>https://bsaber.com/?p=1158913</link>
      <pubDate>Sat, 22 Jun 2019 06:38:53 +0000</pubDate>


      <slash:comments>0</slash:comments>

      <SongKey>53f7</SongKey>
      <DownloadURL>https://beatsaver.com/api/download/key/53f7</DownloadURL>
      <Hash>167e5d5f0a70063bb14b369bfe58be99bd261b4b</Hash>
      <LevelAuthorName>Joetastic</LevelAuthorName>
      <SongTitle>F9mily (You &amp; Me) &#8211; Lil Nas X</SongTitle>
    </item>
    <item>
      <guid isPermaLink="false">7376b26740a431c5c8a90d8e725d109b</guid>
      <title>uncurated wrote a new post</title>
      <link>https://bsaber.com/?p=1158894</link>
      <pubDate>Sat, 22 Jun 2019 05:07:06 +0000</pubDate>


      <slash:comments>0</slash:comments>

      <SongKey>53f0</SongKey>
      <DownloadURL>https://beatsaver.com/api/download/key/53f0</DownloadURL>
      <Hash>6bb8e702d51055767fbc89df9ec81517e1d0e74c</Hash>
      <LevelAuthorName>Joetastic</LevelAuthorName>
      <SongTitle>Panini &#8211; Lil Nas X</SongTitle>
    </item>
    <item>
      <guid isPermaLink="false">50ab3f559b4aa18e39e529fe1103688a</guid>
      <title>uncurated wrote a new post</title>
      <link>https://bsaber.com/?p=1158840</link>
      <pubDate>Fri, 21 Jun 2019 19:39:33 +0000</pubDate>


      <slash:comments>0</slash:comments>

      <SongKey>53e3</SongKey>
      <DownloadURL>https://beatsaver.com/api/download/key/53e3</DownloadURL>
      <Hash>092b28115e4eca549625abd912523cbd2a94ca1e</Hash>
      <LevelAuthorName>Joetastic</LevelAuthorName>
      <SongTitle>Renai Saiban (Love Trial) [BanG Dream! Soundtrack] &#8211; Hello, Happy World!</SongTitle>
    </item>
    <item>
      <guid isPermaLink="false">7e772318e4d27b05669a9e2f37988cfa</guid>
      <title>uncurated wrote a new post</title>
      <link>https://bsaber.com/?p=1158561</link>
      <pubDate>Wed, 19 Jun 2019 17:13:20 +0000</pubDate>


      <slash:comments>0</slash:comments>

      <SongKey>538a</SongKey>
      <DownloadURL>https://beatsaver.com/api/download/key/538a</DownloadURL>
      <Hash>6b7c5baf85b9e4402b3461eb137908d4522a9a9c</Hash>
      <LevelAuthorName>BennyDaBeast</LevelAuthorName>
      <SongTitle>KDA/POPSTARS &#8211; League of Legends</SongTitle>
    </item>
    <item>
      <guid isPermaLink="false">5b69b5f5d75b7a38cac38e3c3584daac</guid>
      <title>uncurated wrote a new post</title>
      <link>https://bsaber.com/?p=1158555</link>
      <pubDate>Wed, 19 Jun 2019 17:02:53 +0000</pubDate>


      <slash:comments>0</slash:comments>

      <SongKey>5389</SongKey>
      <DownloadURL>https://beatsaver.com/api/download/key/5389</DownloadURL>
      <Hash>88314981432a8002f62e464562c0c41f06393ab5</Hash>
      <LevelAuthorName>BennyDaBeast</LevelAuthorName>
      <SongTitle>On Top of the World &#8211; Imagine Dragons</SongTitle>
    </item>
    <item>
      <guid isPermaLink="false">bd64dd0e1d86609412cdee8b726e487f</guid>
      <title>uncurated wrote a new post</title>
      <link>https://bsaber.com/?p=1158558</link>
      <pubDate>Wed, 19 Jun 2019 17:00:48 +0000</pubDate>


      <slash:comments>0</slash:comments>

      <SongKey>5388</SongKey>
      <DownloadURL>https://beatsaver.com/api/download/key/5388</DownloadURL>
      <Hash>b8830915b5023c4c8030b2b0077688eb8508dc4c</Hash>
      <LevelAuthorName>BennyDaBeast</LevelAuthorName>
      <SongTitle>What You Know &#8211; Two Door Cinema Club</SongTitle>
    </item>
    <item>
      <guid isPermaLink="false">6122ed77ed200a86e79010f6bdfea05a</guid>
      <title>uncurated wrote a new post</title>
      <link>https://bsaber.com/?p=1158552</link>
      <pubDate>Wed, 19 Jun 2019 16:46:31 +0000</pubDate>


      <slash:comments>0</slash:comments>

      <SongKey>5387</SongKey>
      <DownloadURL>https://beatsaver.com/api/download/key/5387</DownloadURL>
      <Hash>d13a245dfa8545d8b1ee2c93975c50b38fa31a50</Hash>
      <LevelAuthorName>Joetastic</LevelAuthorName>
      <SongTitle>Shuwarin Dreaming [BanG Dream! Soundtrack] &#8211; Pastel Palettes (Fixed colors version)</SongTitle>
    </item>
    <item>
      <guid isPermaLink="false">55b7849e9a59ae544d501352516f2d13</guid>
      <title>uncurated wrote a new post</title>
      <link>https://bsaber.com/?p=1158546</link>
      <pubDate>Wed, 19 Jun 2019 16:34:01 +0000</pubDate>


      <slash:comments>0</slash:comments>

      <SongKey>5386</SongKey>
      <DownloadURL>https://beatsaver.com/api/download/key/5386</DownloadURL>
      <Hash>8f7d9b53afd543b04992b1621b4f5adcf85ccc7d</Hash>
      <LevelAuthorName>Joetastic</LevelAuthorName>
      <SongTitle>Y.O.L.O!!!!! [BanG Dream! Soundtrack] &#8211; Afterglow</SongTitle>
    </item>
    <item>
      <guid isPermaLink="false">21b683e0080e61c1c5975ca812ef7229</guid>
      <title>uncurated wrote a new post</title>
      <link>https://bsaber.com/?p=1158495</link>
      <pubDate>Wed, 19 Jun 2019 02:46:22 +0000</pubDate>


      <slash:comments>0</slash:comments>

      <SongKey>5376</SongKey>
      <DownloadURL>https://beatsaver.com/api/download/key/5376</DownloadURL>
      <Hash>3d29946a3428dc1d0af23cb9cb4ab98c3c127ce7</Hash>
      <LevelAuthorName>Hexagonial &amp; Oddloop</LevelAuthorName>
      <SongTitle>Tech N9ne &#8211; Worldwide Choppers</SongTitle>
    </item>
    <item>
      <guid isPermaLink="false">78cf3cc311f01df1f6162edf8b583e44</guid>
      <title>uncurated wrote a new post</title>
      <link>https://bsaber.com/?p=1158483</link>
      <pubDate>Wed, 19 Jun 2019 01:42:05 +0000</pubDate>


      <slash:comments>0</slash:comments>

      <SongKey>5373</SongKey>
      <DownloadURL>https://beatsaver.com/api/download/key/5373</DownloadURL>
      <Hash>7ac2bd85723acb7d4fd9957e62a7769700755c04</Hash>
      <LevelAuthorName>Hexagonial</LevelAuthorName>
      <SongTitle>Chito (CV: Minase Inori), Yuuri (CV: Kubo Yurika) &#8211; Ugoku, Ugoku</SongTitle>
    </item>
    <item>
      <guid isPermaLink="false">ca220ea24d99e96f65a9a5fdaa25d196</guid>
      <title>uncurated wrote a new post</title>
      <link>https://bsaber.com/?p=1158409</link>
      <pubDate>Tue, 18 Jun 2019 03:51:12 +0000</pubDate>


      <slash:comments>0</slash:comments>

      <SongKey>535d</SongKey>
      <DownloadURL>https://beatsaver.com/api/download/key/535d</DownloadURL>
      <Hash>402c7c006da10fcfc51bdc7224aef9baaf09044a</Hash>
      <LevelAuthorName>Joetastic</LevelAuthorName>
      <SongTitle>Procedimientos para llegar a un comun acuerdo &#8211; PXNDX</SongTitle>
    </item>
    <item>
      <guid isPermaLink="false">5a25b52c297ee1bd54170abd16eaa6a8</guid>
      <title>uncurated wrote a new post</title>
      <link>https://bsaber.com/?p=1158358</link>
      <pubDate>Mon, 17 Jun 2019 15:42:15 +0000</pubDate>


      <slash:comments>2</slash:comments>

      <SongKey>5353</SongKey>
      <DownloadURL>https://beatsaver.com/api/download/key/5353</DownloadURL>
      <Hash>8afbb898b04f19d86babc41176e3d9aa35b8f04a</Hash>
      <LevelAuthorName>Joetastic</LevelAuthorName>
      <SongTitle>Memory Lane &#8211; AcesToAces</SongTitle>
    </item>
    <item>
      <guid isPermaLink="false">00be8d237ec453a00193394b6b005d48</guid>
      <title>uncurated wrote a new post</title>
      <link>https://bsaber.com/?p=1158337</link>
      <pubDate>Mon, 17 Jun 2019 12:58:56 +0000</pubDate>


      <slash:comments>0</slash:comments>

      <SongKey>534e</SongKey>
      <DownloadURL>https://beatsaver.com/api/download/key/534e</DownloadURL>
      <Hash>e1e62d9bf02ad2abe1ca15301d18ff5a3c283366</Hash>
      <LevelAuthorName>Nuketime</LevelAuthorName>
      <SongTitle>Rasie My Sword &#8211; GALNERYUS</SongTitle>
    </item>
    <item>
      <guid isPermaLink="false">18c06b819bf25e1c5c686543a0f2bf8f</guid>
      <title>uncurated wrote a new post</title>
      <link>https://bsaber.com/?p=1158340</link>
      <pubDate>Mon, 17 Jun 2019 12:58:01 +0000</pubDate>


      <slash:comments>0</slash:comments>

      <SongKey>534d</SongKey>
      <DownloadURL>https://beatsaver.com/api/download/key/534d</DownloadURL>
      <Hash>090ae9c33a9203d1a295f73370e4e60eea560c42</Hash>
      <LevelAuthorName>Nuketime</LevelAuthorName>
      <SongTitle>G1ll35 d3 R415 &#8211; Team Grimoire</SongTitle>
    </item>
    <item>
      <guid isPermaLink="false">5efe971564cdf859129950c79f0e9bc3</guid>
      <title>uncurated wrote a new post</title>
      <link>https://bsaber.com/?p=1158313</link>
      <pubDate>Mon, 17 Jun 2019 05:24:54 +0000</pubDate>


      <slash:comments>0</slash:comments>

      <SongKey>5347</SongKey>
      <DownloadURL>https://beatsaver.com/api/download/key/5347</DownloadURL>
      <Hash>fa727bd4e186dac3c01c2896946bd336574ef58d</Hash>
      <LevelAuthorName>Joetastic</LevelAuthorName>
      <SongTitle>Kakumei Dualism [BanG Dream! Soundtrack] &#8211; Roselia &amp; Afterglow</SongTitle>
    </item>
    <item>
      <guid isPermaLink="false">db8ef17697745b6d728c2003207daa83</guid>
      <title>uncurated wrote a new post</title>
      <link>https://bsaber.com/?p=1158307</link>
      <pubDate>Mon, 17 Jun 2019 05:23:44 +0000</pubDate>


      <slash:comments>0</slash:comments>

      <SongKey>5346</SongKey>
      <DownloadURL>https://beatsaver.com/api/download/key/5346</DownloadURL>
      <Hash>6d288703afcb4316963be4f29945af90c0b25fec</Hash>
      <LevelAuthorName>Joetastic</LevelAuthorName>
      <SongTitle>Yakusoku (Promise) [BanG Dream! Soundtrack] &#8211; Roselia</SongTitle>
    </item>
    <item>
      <guid isPermaLink="false">bf116a561c7daa8eeab9e08e014dace7</guid>
      <title>uncurated wrote a new post</title>
      <link>https://bsaber.com/?p=1158310</link>
      <pubDate>Mon, 17 Jun 2019 05:22:11 +0000</pubDate>


      <slash:comments>0</slash:comments>

      <SongKey>5345</SongKey>
      <DownloadURL>https://beatsaver.com/api/download/key/5345</DownloadURL>
      <Hash>2cd64e85d50e245ddc874cb3a9462a7a9c2ee1d2</Hash>
      <LevelAuthorName>Joetastic</LevelAuthorName>
      <SongTitle>Koi wa Chaos no Shimobe Nari (Love is the Servant of Chaos) [BanG Dream! Soundtrack] &#8211; Hello, Happy World!</SongTitle>
    </item>
    <item>
      <guid isPermaLink="false">c69688faaef1bb5715a224e3c4f946b8</guid>
      <title>uncurated wrote a new post</title>
      <link>https://bsaber.com/?p=1158304</link>
      <pubDate>Mon, 17 Jun 2019 05:19:31 +0000</pubDate>


      <slash:comments>0</slash:comments>

      <SongKey>5344</SongKey>
      <DownloadURL>https://beatsaver.com/api/download/key/5344</DownloadURL>
      <Hash>74128fe6f58e54d429692300737508198a92bb6c</Hash>
      <LevelAuthorName>Joetastic</LevelAuthorName>
      <SongTitle>COSMIC LOOPER (TV Size) [Steins;Gate Elite Opening] &#8211; Kanako Itou</SongTitle>
    </item>
    <item>
      <guid isPermaLink="false">6c09ec126f51b58ec73f7815f33437ec</guid>
      <title>uncurated wrote a new post</title>
      <link>https://bsaber.com/?p=1158301</link>
      <pubDate>Mon, 17 Jun 2019 05:13:20 +0000</pubDate>


      <slash:comments>0</slash:comments>

      <SongKey>5343</SongKey>
      <DownloadURL>https://beatsaver.com/api/download/key/5343</DownloadURL>
      <Hash>7eca1423e179042c985b5e388864d64e2c4b2ece</Hash>
      <LevelAuthorName>Joetastic</LevelAuthorName>
      <SongTitle>Back to the Day We Met (Wui Dou Ji Cin/回到以前) &#8211; Hana Kuk</SongTitle>
    </item>
    <item>
      <guid isPermaLink="false">b3740884327fea0092b015f7481a8865</guid>
      <title>uncurated wrote a new post</title>
      <link>https://bsaber.com/?p=1158268</link>
      <pubDate>Sun, 16 Jun 2019 21:07:56 +0000</pubDate>


      <slash:comments>0</slash:comments>

      <SongKey>5339</SongKey>
      <DownloadURL>https://beatsaver.com/api/download/key/5339</DownloadURL>
      <Hash>58de2d709a45b68fdb1dbbfefb187f59f629bfc5</Hash>
      <LevelAuthorName>BlackBlazon</LevelAuthorName>
      <SongTitle>Memes (Maul Mode)</SongTitle>
    </item>
    <item>
      <guid isPermaLink="false">9069691e309a3b7b9a01b27aafc92dc2</guid>
      <title>uncurated wrote a new post</title>
      <link>https://bsaber.com/?p=1158259</link>
      <pubDate>Sun, 16 Jun 2019 20:35:38 +0000</pubDate>


      <slash:comments>0</slash:comments>

      <SongKey>5337</SongKey>
      <DownloadURL>https://beatsaver.com/api/download/key/5337</DownloadURL>
      <Hash>40be36c31552c7258903391b06f232b485f5d046</Hash>
      <LevelAuthorName>BlackBlazon</LevelAuthorName>
      <SongTitle>Dissolve</SongTitle>
    </item>
    <item>
      <guid isPermaLink="false">69a02e123722860a0df25be6435aa15b</guid>
      <title>uncurated wrote a new post</title>
      <link>https://bsaber.com/?p=1158262</link>
      <pubDate>Sun, 16 Jun 2019 20:33:25 +0000</pubDate>


      <slash:comments>0</slash:comments>

      <SongKey>5336</SongKey>
      <DownloadURL>https://beatsaver.com/api/download/key/5336</DownloadURL>
      <Hash>e87a9b749fac7898706eb3b09e6ea6943525e151</Hash>
      <LevelAuthorName>BlackBlazon</LevelAuthorName>
      <SongTitle>A Lot Like You</SongTitle>
    </item>
    <item>
      <guid isPermaLink="false">e8442d95c51f8dce46ef7ddabd01e7aa</guid>
      <title>uncurated wrote a new post</title>
      <link>https://bsaber.com/?p=1137873</link>
      <pubDate>Mon, 10 Jun 2019 14:50:28 +0000</pubDate>


      <slash:comments>0</slash:comments>

      <SongKey>52cb</SongKey>
      <DownloadURL>https://beatsaver.com/api/download/key/52cb</DownloadURL>
      <Hash>3b20e1db4d7cec1ad7114ec32786076207e023b2</Hash>
      <LevelAuthorName>Joetastic</LevelAuthorName>
      <SongTitle>Taiyou Iwaku Moeyo Chaos (The Sun Burns The Chaos) [BanG Dream! Soundtrack] &#8211; Hello, Happy World!</SongTitle>
    </item>
    <item>
      <guid isPermaLink="false">90462f4fe46bf4dc0b84fcd810a3ee7e</guid>
      <title>uncurated wrote a new post</title>
      <link>https://bsaber.com/?p=1137861</link>
      <pubDate>Mon, 10 Jun 2019 11:43:34 +0000</pubDate>


      <slash:comments>0</slash:comments>

      <SongKey>52c7</SongKey>
      <DownloadURL>https://beatsaver.com/api/download/key/52c7</DownloadURL>
      <Hash>baf7123e80731b1d7df4b3dfbc49b15ac853fc15</Hash>
      <LevelAuthorName>Rexxz</LevelAuthorName>
      <SongTitle>The Cuss Word Song &#8211; Rusty Cage</SongTitle>
    </item>
    <item>
      <guid isPermaLink="false">a612736aa2520c9b8ad3c49a71def1e4</guid>
      <title>uncurated wrote a new post</title>
      <link>https://bsaber.com/?p=1137840</link>
      <pubDate>Mon, 10 Jun 2019 08:13:17 +0000</pubDate>


      <slash:comments>0</slash:comments>

      <SongKey>52c0</SongKey>
      <DownloadURL>https://beatsaver.com/api/download/key/52c0</DownloadURL>
      <Hash>c073a1ff88624f6c377488058bad4c9fc5bc6be2</Hash>
      <LevelAuthorName>Joetastic</LevelAuthorName>
      <SongTitle>Fantastic future [BanG Dream! Soundtrack] &#8211; Pastel Palettes</SongTitle>
    </item>
    <item>
      <guid isPermaLink="false">3856c76156612d5c1383c08cc8b247bb</guid>
      <title>uncurated wrote a new post</title>
      <link>https://bsaber.com/?p=1137752</link>
      <pubDate>Sun, 09 Jun 2019 20:21:45 +0000</pubDate>


      <slash:comments>0</slash:comments>

      <SongKey>529e</SongKey>
      <DownloadURL>https://beatsaver.com/api/download/key/529e</DownloadURL>
      <Hash>b13a744166e330baf0ab4d576bae6c5b9945390f</Hash>
      <LevelAuthorName>ruckus</LevelAuthorName>
      <SongTitle>Thaehan &#8211; Final Boss II</SongTitle>
    </item>
    <item>
      <guid isPermaLink="false">c482e5ce29061cba0fc912962bb32b3c</guid>
      <title>CuratorRecommended wrote a new post</title>
      <link>https://bsaber.com/?p=1137698</link>
      <pubDate>Sun, 09 Jun 2019 12:02:21 +0000</pubDate>


      <slash:comments>0</slash:comments>

      <SongKey>528c</SongKey>
      <DownloadURL>https://beatsaver.com/api/download/key/528c</DownloadURL>
      <Hash>616a0fd32df4116e66f46d5c3c34ffa543c6253a</Hash>
      <LevelAuthorName>Joetastic</LevelAuthorName>
      <SongTitle>You&#8217;re Gonna Go Far, Kid (Eurobeat Remix) &#8211; TurboAutism</SongTitle>
    </item>
    <item>
      <guid isPermaLink="false">720d12785b178715c5b0f6d7de130200</guid>
      <title>uncurated wrote a new post</title>
      <link>https://bsaber.com/?p=1137622</link>
      <pubDate>Sun, 09 Jun 2019 00:56:28 +0000</pubDate>


      <slash:comments>0</slash:comments>

      <SongKey>526d</SongKey>
      <DownloadURL>https://beatsaver.com/api/download/key/526d</DownloadURL>
      <Hash>7992424e7869710432858ac76e804719adf5ed91</Hash>
      <LevelAuthorName>blackblazon</LevelAuthorName>
      <SongTitle>Basilisk</SongTitle>
    </item>
    <item>
      <guid isPermaLink="false">65b05c949aef4c1ecfc881aef475bce8</guid>
      <title>uncurated wrote a new post</title>
      <link>https://bsaber.com/?p=1137547</link>
      <pubDate>Sat, 08 Jun 2019 16:59:33 +0000</pubDate>


      <slash:comments>0</slash:comments>

      <SongKey>5255</SongKey>
      <DownloadURL>https://beatsaver.com/api/download/key/5255</DownloadURL>
      <Hash>5164ea3c1bf4c9ba5134fda7cb8a46609a92bce6</Hash>
      <LevelAuthorName>Joetastic</LevelAuthorName>
      <SongTitle>Echo &#8211; The Living Tombstone &amp; Crusher-P</SongTitle>
    </item>
    <item>
      <guid isPermaLink="false">bc1c94dc8e26dd16a9482c47b640b1a7</guid>
      <title>uncurated wrote a new post</title>
      <link>https://bsaber.com/?p=1137509</link>
      <pubDate>Sat, 08 Jun 2019 13:52:49 +0000</pubDate>


      <slash:comments>0</slash:comments>

      <SongKey>5244</SongKey>
      <DownloadURL>https://beatsaver.com/api/download/key/5244</DownloadURL>
      <Hash>110a3e6e109f5877cd0cb9764e41cbd20e046837</Hash>
      <LevelAuthorName>Rexxz</LevelAuthorName>
      <SongTitle>Chin up ft. Elen Polixena Yannis &#8211; R!OT</SongTitle>
    </item>
    <item>
      <guid isPermaLink="false">ed6669f49298c3b3873b29a0f383a08d</guid>
      <title>CuratorRecommended wrote a new post</title>
      <link>https://bsaber.com/?p=1137476</link>
      <pubDate>Sat, 08 Jun 2019 07:06:24 +0000</pubDate>


      <slash:comments>0</slash:comments>

      <SongKey>5238</SongKey>
      <DownloadURL>https://beatsaver.com/api/download/key/5238</DownloadURL>
      <Hash>01d40de7d603e4829696af6e8637d0463543cdbb</Hash>
      <LevelAuthorName>Joetastic</LevelAuthorName>
      <SongTitle>Any Way You Want It &#8211; Rise Against</SongTitle>
    </item>
    <item>
      <guid isPermaLink="false">f8e1c861ea277ccd0745810ada2a37b2</guid>
      <title>uncurated wrote a new post</title>
      <link>https://bsaber.com/?p=1137431</link>
      <pubDate>Sat, 08 Jun 2019 01:04:45 +0000</pubDate>


      <slash:comments>0</slash:comments>

      <SongKey>5229</SongKey>
      <DownloadURL>https://beatsaver.com/api/download/key/5229</DownloadURL>
      <Hash>2641a091a49d041d3f1115e1c232678c21d526ec</Hash>
      <LevelAuthorName>blackblazon</LevelAuthorName>
      <SongTitle>Memes</SongTitle>
    </item>

  </channel>
</rss>