﻿<?xml version="1.0" encoding="UTF-8"?>
<rss version="2.0"
	xmlns:content="http://purl.org/rss/1.0/modules/content/"
	xmlns:atom="http://www.w3.org/2005/Atom"
	xmlns:sy="http://purl.org/rss/1.0/modules/syndication/"
	xmlns:slash="http://purl.org/rss/1.0/modules/slash/"
	>

  <channel>
    <title>BeastSaber | Zingabopp | Following Activity</title>
    <link>https://bsaber.com/members/zingabopp/wall/followings/</link>
    <atom:link href="https://bsaber.com/members/zingabopp/wall/followings/feed/?acpage=5" rel="self" type="application/rss+xml" />
    <description>Activity feed for people that Zingabopp is following.</description>
    <lastBuildDate>Mon, 22 Jul 2019 04:02:42 +0000</lastBuildDate>
    <generator>https://buddypress.org/?v=4.3.0</generator>
    <language>en-US</language>
    <ttl>30</ttl>
    <sy:updatePeriod>hourly</sy:updatePeriod>
    <sy:updateFrequency>2</sy:updateFrequency>

    <item>
      <guid isPermaLink="false">f7d505dca4194ffcac3a6b7c270bb78e</guid>
      <title>CuratorRecommended wrote a new post</title>
      <link>https://bsaber.com/?p=1130556</link>
      <pubDate>Sun, 28 Apr 2019 14:23:33 +0000</pubDate>


      <slash:comments>0</slash:comments>

      <SongKey>4904</SongKey>
      <DownloadURL>https://beatsaver.com/api/download/key/4904</DownloadURL>
      <Hash>0633951311c379cc3c3234ddfae6f5bfda0862fa</Hash>
      <LevelAuthorName>Joetastic</LevelAuthorName>
      <SongTitle>ONENESS [BanG Dream! Soundtrack] &#8211; Roselia</SongTitle>
    </item>
    <item>
      <guid isPermaLink="false">5afd58b3290c9c0cbc88660781a2f207</guid>
      <title>uncurated wrote a new post</title>
      <link>https://bsaber.com/?p=1130281</link>
      <pubDate>Sat, 27 Apr 2019 13:57:55 +0000</pubDate>


      <slash:comments>1</slash:comments>

      <SongKey>48a7</SongKey>
      <DownloadURL>https://beatsaver.com/api/download/key/48a7</DownloadURL>
      <Hash>4dbf126038c699f934eef4e1d2b30acf40fa71a2</Hash>
      <LevelAuthorName>Joetastic</LevelAuthorName>
      <SongTitle>Tech Noir &#8211; GUNSHIP</SongTitle>
    </item>
    <item>
      <guid isPermaLink="false">908232a31b4773960c59b0c6d9d25883</guid>
      <title>CuratorRecommended wrote a new post</title>
      <link>https://bsaber.com/?p=1130150</link>
      <pubDate>Fri, 26 Apr 2019 08:41:53 +0000</pubDate>


      <slash:comments>0</slash:comments>

      <SongKey>4872</SongKey>
      <DownloadURL>https://beatsaver.com/api/download/key/4872</DownloadURL>
      <Hash>b5e8c9eb57551596d0ef94d27eebb2db5926b5e2</Hash>
      <LevelAuthorName>Joetastic</LevelAuthorName>
      <SongTitle>Charles [BanG Dream! Soundtrack] &#8211; Roselia</SongTitle>
    </item>
    <item>
      <guid isPermaLink="false">9294294f1ba915bbaa20757f427c1a78</guid>
      <title>uncurated wrote a new post</title>
      <link>https://bsaber.com/?p=1130067</link>
      <pubDate>Thu, 25 Apr 2019 18:52:09 +0000</pubDate>


      <slash:comments>0</slash:comments>

      <SongKey>4858</SongKey>
      <DownloadURL>https://beatsaver.com/api/download/key/4858</DownloadURL>
      <Hash>431ffaa53a1e45ffab6c81a895e456f6aad1e038</Hash>
      <LevelAuthorName>heisenbergirl</LevelAuthorName>
      <SongTitle>Papercut &#8211; Linkin Park</SongTitle>
    </item>
    <item>
      <guid isPermaLink="false">9ab91a745ab279de093441989d06da4e</guid>
      <title>uncurated wrote a new post</title>
      <link>https://bsaber.com/?p=1142435</link>
      <pubDate>Thu, 25 Apr 2019 11:52:56 +0000</pubDate>


      <slash:comments>0</slash:comments>

      <SongKey>484e</SongKey>
      <DownloadURL>https://beatsaver.com/api/download/key/484e</DownloadURL>
      <Hash>c25309211aa7f6b02408f3bed2da2d0e92a2d1a3</Hash>
      <LevelAuthorName>Joetastic</LevelAuthorName>
      <SongTitle>R.I.O.T [BanG Dream! Soundtrack] &#8211; RAISE A SUILEN</SongTitle>
    </item>
    <item>
      <guid isPermaLink="false">bc03d6ed5ed6b9700ffa549a41cb1495</guid>
      <title>uncurated wrote a new post</title>
      <link>https://bsaber.com/?p=1142453</link>
      <pubDate>Thu, 25 Apr 2019 07:23:48 +0000</pubDate>


      <slash:comments>0</slash:comments>

      <SongKey>4842</SongKey>
      <DownloadURL>https://beatsaver.com/api/download/key/4842</DownloadURL>
      <Hash>7449941eb5593b307d53465e378f0b9b8054b466</Hash>
      <LevelAuthorName>downycat</LevelAuthorName>
      <SongTitle>Far Away &#8211; Tristam &amp; Braken</SongTitle>
    </item>
    <item>
      <guid isPermaLink="false">06d735e0f44c8b04057747f075873b09</guid>
      <title>uncurated wrote a new post</title>
      <link>https://bsaber.com/?p=1142475</link>
      <pubDate>Wed, 24 Apr 2019 20:47:05 +0000</pubDate>


      <slash:comments>0</slash:comments>

      <SongKey>4834</SongKey>
      <DownloadURL>https://beatsaver.com/api/download/key/4834</DownloadURL>
      <Hash>700d50135ca29f269f34dd52e58bb1870ddc1b69</Hash>
      <LevelAuthorName>rustic</LevelAuthorName>
      <SongTitle>Approaching Nirvana &#8211; Fragments</SongTitle>
    </item>
    <item>
      <guid isPermaLink="false">91cc4a2b8ca816361ce2004622e4197f</guid>
      <title>uncurated wrote a new post</title>
      <link>https://bsaber.com/?p=1129916</link>
      <pubDate>Wed, 24 Apr 2019 16:57:27 +0000</pubDate>


      <slash:comments>0</slash:comments>

      <SongKey>4824</SongKey>
      <DownloadURL>https://beatsaver.com/api/download/key/4824</DownloadURL>
      <Hash>2e94c0f8a91fd67d829591a22cbc8faf2a0f5f13</Hash>
      <LevelAuthorName>Joetastic</LevelAuthorName>
      <SongTitle>Fantastic Baby &#8211; BIGBANG</SongTitle>
    </item>
    <item>
      <guid isPermaLink="false">1c15293f9ebf771afe6b904e3d26e67c</guid>
      <title>uncurated wrote a new post</title>
      <link>https://bsaber.com/?p=1129907</link>
      <pubDate>Wed, 24 Apr 2019 15:24:10 +0000</pubDate>


      <slash:comments>0</slash:comments>

      <SongKey>4820</SongKey>
      <DownloadURL>https://beatsaver.com/api/download/key/4820</DownloadURL>
      <Hash>ddf1d02a4724ec41b4d2c3535674489329b6fbe8</Hash>
      <LevelAuthorName>heisenbergirl</LevelAuthorName>
      <SongTitle>From The Inside &#8211; Linkin Park</SongTitle>
    </item>
    <item>
      <guid isPermaLink="false">809fcd9e332b13ea1db94b5731430116</guid>
      <title>uncurated wrote a new post</title>
      <link>https://bsaber.com/?p=1142520</link>
      <pubDate>Tue, 23 Apr 2019 13:45:08 +0000</pubDate>


      <slash:comments>0</slash:comments>

      <SongKey>47fa</SongKey>
      <DownloadURL>https://beatsaver.com/api/download/key/47fa</DownloadURL>
      <Hash>53356b0deed2d8d51d46c4939ffd411fe339ecb8</Hash>
      <LevelAuthorName>rustic</LevelAuthorName>
      <SongTitle>Approaching Nirvana &#8211; Another World</SongTitle>
    </item>
    <item>
      <guid isPermaLink="false">e189de2790250453e8a63af3cc7f1d6a</guid>
      <title>uncurated wrote a new post</title>
      <link>https://bsaber.com/?p=1129714</link>
      <pubDate>Tue, 23 Apr 2019 12:52:15 +0000</pubDate>


      <slash:comments>0</slash:comments>

      <SongKey>47f6</SongKey>
      <DownloadURL>https://beatsaver.com/api/download/key/47f6</DownloadURL>
      <Hash>2df865f2fd59a1be9fc8a6b437295b9f3b6c904a</Hash>
      <LevelAuthorName>Joetastic</LevelAuthorName>
      <SongTitle>FIRE BIRD [BanG Dream! Soundtrack] &#8211; Roselia</SongTitle>
    </item>
    <item>
      <guid isPermaLink="false">6dd042e37576be37eb27a5ddb6b13f7b</guid>
      <title>uncurated wrote a new post</title>
      <link>https://bsaber.com/?p=1142559</link>
      <pubDate>Mon, 22 Apr 2019 16:00:04 +0000</pubDate>


      <slash:comments>0</slash:comments>

      <SongKey>47c9</SongKey>
      <DownloadURL>https://beatsaver.com/api/download/key/47c9</DownloadURL>
      <Hash>b4d4c8b5ac64b899fe51d1e13a8debcfdba50a04</Hash>
      <LevelAuthorName>Joetastic</LevelAuthorName>
      <SongTitle>R [BanG Dream! Soundtrack] &#8211; Roselia</SongTitle>
    </item>
    <item>
      <guid isPermaLink="false">833c37745cad23f97a708988d5755569</guid>
      <title>uncurated wrote a new post</title>
      <link>https://bsaber.com/?p=1142604</link>
      <pubDate>Mon, 22 Apr 2019 07:10:09 +0000</pubDate>


      <slash:comments>0</slash:comments>

      <SongKey>47b4</SongKey>
      <DownloadURL>https://beatsaver.com/api/download/key/47b4</DownloadURL>
      <Hash>3855fe286af05aabe1ed62afddcae9146ee2f990</Hash>
      <LevelAuthorName>JackoDEJ</LevelAuthorName>
      <SongTitle>If Only I Could</SongTitle>
    </item>
    <item>
      <guid isPermaLink="false">72c4a92861f159bf7408b1a02c8be71a</guid>
      <title>uncurated wrote a new post</title>
      <link>https://bsaber.com/?p=1129353</link>
      <pubDate>Sun, 21 Apr 2019 05:31:07 +0000</pubDate>


      <slash:comments>0</slash:comments>

      <SongKey>4773</SongKey>
      <DownloadURL>https://beatsaver.com/api/download/key/4773</DownloadURL>
      <Hash>fcc50180bc7a1b8599395e1e584fefe899e41596</Hash>
      <LevelAuthorName>Joetastic</LevelAuthorName>
      <SongTitle>SAKURA Skip [BanG Dream! Soundtrack] &#8211; Pastel Palettes</SongTitle>
    </item>
    <item>
      <guid isPermaLink="false">aa9874e18b73b18e919114e8a4ca356f</guid>
      <title>uncurated wrote a new post</title>
      <link>https://bsaber.com/?p=1129138</link>
      <pubDate>Sat, 20 Apr 2019 00:47:55 +0000</pubDate>


      <slash:comments>0</slash:comments>

      <SongKey>472c</SongKey>
      <DownloadURL>https://beatsaver.com/api/download/key/472c</DownloadURL>
      <Hash>f01b8111fa651d29c670c028f360678fcf43f0e1</Hash>
      <LevelAuthorName>hexagonial</LevelAuthorName>
      <SongTitle>Unlucky Morpheus &#8211; Angreifer</SongTitle>
    </item>
    <item>
      <guid isPermaLink="false">729b5d3e328c731548349b8bc765bddd</guid>
      <title>uncurated wrote a new post</title>
      <link>https://bsaber.com/?p=1142736</link>
      <pubDate>Fri, 19 Apr 2019 08:44:07 +0000</pubDate>


      <slash:comments>0</slash:comments>

      <SongKey>4702</SongKey>
      <DownloadURL>https://beatsaver.com/api/download/key/4702</DownloadURL>
      <Hash>27fe7f4ad4342a6bbd4e9847a8fb157584e44c97</Hash>
      <LevelAuthorName>Joetastic</LevelAuthorName>
      <SongTitle>Eternal Reality [Toaru Kagaku no Railgun Season 2 2nd Opening] &#8211; fripSide</SongTitle>
    </item>
    <item>
      <guid isPermaLink="false">0dc65052c66706f9cedccbae3d1578eb</guid>
      <title>uncurated wrote a new post</title>
      <link>https://bsaber.com/?p=1128907</link>
      <pubDate>Thu, 18 Apr 2019 19:59:25 +0000</pubDate>


      <slash:comments>0</slash:comments>

      <SongKey>46e2</SongKey>
      <DownloadURL>https://beatsaver.com/api/download/key/46e2</DownloadURL>
      <Hash>665e434d2d995a97299c992464a7f401c3c52a4c</Hash>
      <LevelAuthorName>Joetastic</LevelAuthorName>
      <SongTitle>READY STEADY GO [BanG Dream! Soundtrack] &#8211; Afterglow</SongTitle>
    </item>
    <item>
      <guid isPermaLink="false">c84d817acdfbce958aa48167b35d6942</guid>
      <title>uncurated wrote a new post</title>
      <link>https://bsaber.com/?p=1142878</link>
      <pubDate>Tue, 16 Apr 2019 16:10:49 +0000</pubDate>


      <slash:comments>0</slash:comments>

      <SongKey>4667</SongKey>
      <DownloadURL>https://beatsaver.com/api/download/key/4667</DownloadURL>
      <Hash>09b8e0467163b8477d7efde6f051df39a30fefbb</Hash>
      <LevelAuthorName>Joetastic</LevelAuthorName>
      <SongTitle>Sister&#8217;s Noise [Toaru Kagaku no Railgun Season 2 Opening] &#8211; fripSide</SongTitle>
    </item>
    <item>
      <guid isPermaLink="false">58853d65a3536715ed00e3d809288381</guid>
      <title>uncurated wrote a new post</title>
      <link>https://bsaber.com/?p=1142905</link>
      <pubDate>Tue, 16 Apr 2019 07:56:00 +0000</pubDate>


      <slash:comments>0</slash:comments>

      <SongKey>4658</SongKey>
      <DownloadURL>https://beatsaver.com/api/download/key/4658</DownloadURL>
      <Hash>05d75daac1568ed40f07eb4ea067bc0e3a345537</Hash>
      <LevelAuthorName>Joetastic</LevelAuthorName>
      <SongTitle>LEVEL 5 -judgelight- [Toaru Kagaku no Railgun 2nd Opening] &#8211; fripSide</SongTitle>
    </item>
    <item>
      <guid isPermaLink="false">99530d390b0780a1097a3c32931619d0</guid>
      <title>uncurated wrote a new post</title>
      <link>https://bsaber.com/?p=1128412</link>
      <pubDate>Mon, 15 Apr 2019 16:29:32 +0000</pubDate>


      <slash:comments>0</slash:comments>

      <SongKey>4627</SongKey>
      <DownloadURL>https://beatsaver.com/api/download/key/4627</DownloadURL>
      <Hash>e41d273aa3d48c647420d9a5160f3457e4a4111f</Hash>
      <LevelAuthorName>Joetastic</LevelAuthorName>
      <SongTitle>Only My Railgun [Toaru Kagaku no Railgun Opening] &#8211; fripSide</SongTitle>
    </item>
    <item>
      <guid isPermaLink="false">ca08b20a677c16335336325d1dda908f</guid>
      <title>uncurated wrote a new post</title>
      <link>https://bsaber.com/?p=1128098</link>
      <pubDate>Sun, 14 Apr 2019 12:06:32 +0000</pubDate>


      <slash:comments>0</slash:comments>

      <SongKey>45c0</SongKey>
      <DownloadURL>https://beatsaver.com/api/download/key/45c0</DownloadURL>
      <Hash>aa9785d421b6d1bd9e0281439998773bf8fca9c3</Hash>
      <LevelAuthorName>ruckus</LevelAuthorName>
      <SongTitle>Nekrogoblikon &#8211; No One Survives</SongTitle>
    </item>
    <item>
      <guid isPermaLink="false">f846f72e38b0fdc4210a757eb2820073</guid>
      <title>uncurated wrote a new post</title>
      <link>https://bsaber.com/?p=1143031</link>
      <pubDate>Sat, 13 Apr 2019 23:05:23 +0000</pubDate>


      <slash:comments>0</slash:comments>

      <SongKey>459c</SongKey>
      <DownloadURL>https://beatsaver.com/api/download/key/459c</DownloadURL>
      <Hash>eb244098798a48d2af86e4fd89b9c7c9a8321807</Hash>
      <LevelAuthorName>heisenbergirl</LevelAuthorName>
      <SongTitle>Moskau &#8211; DopeDrop</SongTitle>
    </item>
    <item>
      <guid isPermaLink="false">53dc3e232a9385070b60154758bc1515</guid>
      <title>uncurated wrote a new post</title>
      <link>https://bsaber.com/?p=1143061</link>
      <pubDate>Sat, 13 Apr 2019 20:37:26 +0000</pubDate>


      <slash:comments>0</slash:comments>

      <SongKey>458e</SongKey>
      <DownloadURL>https://beatsaver.com/api/download/key/458e</DownloadURL>
      <Hash>7062168cdfaaf6670ae531b067bde9af27179ff5</Hash>
      <LevelAuthorName>Rexxz</LevelAuthorName>
      <SongTitle>Aaron Smith &#8211; Dancin (KRONO Remix)</SongTitle>
    </item>
    <item>
      <guid isPermaLink="false">7551854ef7f1b4331eb1c526f754228a</guid>
      <title>uncurated wrote a new post</title>
      <link>https://bsaber.com/?p=1127837</link>
      <pubDate>Sat, 13 Apr 2019 05:25:23 +0000</pubDate>


      <slash:comments>0</slash:comments>

      <SongKey>4561</SongKey>
      <DownloadURL>https://beatsaver.com/api/download/key/4561</DownloadURL>
      <Hash>ef837a2c47a91a9cbb26d34c1af6abba7acf61c1</Hash>
      <LevelAuthorName>JackoDEJ</LevelAuthorName>
      <SongTitle>Orbital Strike</SongTitle>
    </item>
    <item>
      <guid isPermaLink="false">ef3d655e4b446bd8297197f1c21a18b8</guid>
      <title>uncurated wrote a new post</title>
      <link>https://bsaber.com/?p=1127795</link>
      <pubDate>Sat, 13 Apr 2019 01:45:22 +0000</pubDate>


      <slash:comments>0</slash:comments>

      <SongKey>4551</SongKey>
      <DownloadURL>https://beatsaver.com/api/download/key/4551</DownloadURL>
      <Hash>9cf13f644bd38785d897a20474be9a7cd1ced070</Hash>
      <LevelAuthorName>hexagonial</LevelAuthorName>
      <SongTitle>Culprate &#8211; Acid Rain</SongTitle>
    </item>
    <item>
      <guid isPermaLink="false">5c2893bc3b873d7f245992604f92945d</guid>
      <title>uncurated wrote a new post</title>
      <link>https://bsaber.com/?p=1143187</link>
      <pubDate>Fri, 12 Apr 2019 08:33:35 +0000</pubDate>


      <slash:comments>0</slash:comments>

      <SongKey>451e</SongKey>
      <DownloadURL>https://beatsaver.com/api/download/key/451e</DownloadURL>
      <Hash>45cb64b2725a9dc3307eacc19c93226715f05738</Hash>
      <LevelAuthorName>heisenbergirl</LevelAuthorName>
      <SongTitle>Deviation &#8211; Focus Fire</SongTitle>
    </item>
    <item>
      <guid isPermaLink="false">7f5ca686fce70dc111bbbc9c8a7c66c5</guid>
      <title>uncurated wrote a new post</title>
      <link>https://bsaber.com/?p=1143269</link>
      <pubDate>Wed, 10 Apr 2019 15:53:59 +0000</pubDate>


      <slash:comments>0</slash:comments>

      <SongKey>44b3</SongKey>
      <DownloadURL>https://beatsaver.com/api/download/key/44b3</DownloadURL>
      <Hash>b7b9151779e84ae1ecdb7c34b90ed08544167ffb</Hash>
      <LevelAuthorName>Joetastic</LevelAuthorName>
      <SongTitle>Aishen Qiaokeli Jinxing Shi V2 [Aishen Qiaokeli Season 2 Opening] &#8211; Wu Jiaying</SongTitle>
    </item>
    <item>
      <guid isPermaLink="false">79130064b84fee9a9e003bf08844956b</guid>
      <title>uncurated wrote a new post</title>
      <link>https://bsaber.com/?p=1127310</link>
      <pubDate>Wed, 10 Apr 2019 13:27:58 +0000</pubDate>


      <slash:comments>0</slash:comments>

      <SongKey>44a9</SongKey>
      <DownloadURL>https://beatsaver.com/api/download/key/44a9</DownloadURL>
      <Hash>28ebfe2a6ca33aed9ad743fc58aaf30cecfcad46</Hash>
      <LevelAuthorName>Joetastic</LevelAuthorName>
      <SongTitle>Butter-Fly [BanG Dream! Soundtrack] &#8211; Afterglow</SongTitle>
    </item>
    <item>
      <guid isPermaLink="false">e23413fb50afec4f64f485b68c82e02d</guid>
      <title>uncurated wrote a new post</title>
      <link>https://bsaber.com/?p=1127292</link>
      <pubDate>Wed, 10 Apr 2019 09:09:50 +0000</pubDate>


      <slash:comments>0</slash:comments>

      <SongKey>449f</SongKey>
      <DownloadURL>https://beatsaver.com/api/download/key/449f</DownloadURL>
      <Hash>a6bdea79a63de2f70ecaee835dc9075d59320ec7</Hash>
      <LevelAuthorName>Rexxz</LevelAuthorName>
      <SongTitle>Mirrors Edge Catalyst REMIX &#8211; LeviDoron</SongTitle>
    </item>
    <item>
      <guid isPermaLink="false">8102c1fc41b2584132450302bbaeef46</guid>
      <title>uncurated wrote a new post</title>
      <link>https://bsaber.com/?p=1127249</link>
      <pubDate>Wed, 10 Apr 2019 01:02:42 +0000</pubDate>


      <slash:comments>0</slash:comments>

      <SongKey>4493</SongKey>
      <DownloadURL>https://beatsaver.com/api/download/key/4493</DownloadURL>
      <Hash>94d48c2ded01da43b04a540fe80f924c385ec010</Hash>
      <LevelAuthorName>edzo</LevelAuthorName>
      <SongTitle>Dream Girl (Short Ver.) &#8211; Mitomoro &amp; S3RL ft. Lexi</SongTitle>
    </item>
    <item>
      <guid isPermaLink="false">2c4885cad005443045bebf411aefa71c</guid>
      <title>uncurated wrote a new post</title>
      <link>https://bsaber.com/?p=1143291</link>
      <pubDate>Tue, 09 Apr 2019 15:08:09 +0000</pubDate>


      <slash:comments>0</slash:comments>

      <SongKey>4481</SongKey>
      <DownloadURL>https://beatsaver.com/api/download/key/4481</DownloadURL>
      <Hash>dd40593828965989f0f9d8eef2917d8022a839a7</Hash>
      <LevelAuthorName>Joetastic</LevelAuthorName>
      <SongTitle>Barbra Streisand &#8211; Boney M.</SongTitle>
    </item>
    <item>
      <guid isPermaLink="false">0cd921bba84ccda1979b1dba5511d8a3</guid>
      <title>uncurated wrote a new post</title>
      <link>https://bsaber.com/?p=1127137</link>
      <pubDate>Tue, 09 Apr 2019 13:59:19 +0000</pubDate>


      <slash:comments>0</slash:comments>

      <SongKey>447c</SongKey>
      <DownloadURL>https://beatsaver.com/api/download/key/447c</DownloadURL>
      <Hash>88f421b64ce76811fcef09ce7d99add84a1c3e7c</Hash>
      <LevelAuthorName>Joetastic</LevelAuthorName>
      <SongTitle>Legendary (English Version) [BanG Dream! Soundtrack] &#8211; Roselia</SongTitle>
    </item>
    <item>
      <guid isPermaLink="false">e5ba61c69a9adc3fa5ec23e7c5265cae</guid>
      <title>uncurated wrote a new post</title>
      <link>https://bsaber.com/?p=1143300</link>
      <pubDate>Tue, 09 Apr 2019 12:58:00 +0000</pubDate>


      <slash:comments>0</slash:comments>

      <SongKey>447b</SongKey>
      <DownloadURL>https://beatsaver.com/api/download/key/447b</DownloadURL>
      <Hash>d759247f4ffba1f98746d97c2f5e0eb509da1a0c</Hash>
      <LevelAuthorName>Joetastic</LevelAuthorName>
      <SongTitle>Legendary [BanG Dream! Soundtrack] &#8211; Roselia</SongTitle>
    </item>
    <item>
      <guid isPermaLink="false">38f5ccc852d8f2205d1a41fddcffbc8e</guid>
      <title>uncurated wrote a new post</title>
      <link>https://bsaber.com/?p=1143312</link>
      <pubDate>Tue, 09 Apr 2019 06:49:28 +0000</pubDate>


      <slash:comments>0</slash:comments>

      <SongKey>4476</SongKey>
      <DownloadURL>https://beatsaver.com/api/download/key/4476</DownloadURL>
      <Hash>7da9242707618f2e7a7056bb3df2daf5553a3978</Hash>
      <LevelAuthorName>Joetastic</LevelAuthorName>
      <SongTitle>Tenka Toitsu A to Z [BanG Dream! Soundtrack] &#8211; Pastel Palettes</SongTitle>
    </item>
    <item>
      <guid isPermaLink="false">51d0ac8f128ff4090327693758cb1492</guid>
      <title>uncurated wrote a new post</title>
      <link>https://bsaber.com/?p=1143345</link>
      <pubDate>Mon, 08 Apr 2019 13:57:10 +0000</pubDate>


      <slash:comments>0</slash:comments>

      <SongKey>4453</SongKey>
      <DownloadURL>https://beatsaver.com/api/download/key/4453</DownloadURL>
      <Hash>a18c7289e7fc55c3a023538a1e2ba7ecf88487bd</Hash>
      <LevelAuthorName>Joetastic</LevelAuthorName>
      <SongTitle>Chikatto Chika Chikattsu/Chika Dance (Eurobeat Remix) [Kaguya-sama: Love Is War 2nd Ending] &#8211; Keisari</SongTitle>
    </item>
    <item>
      <guid isPermaLink="false">a27b7afc80877f8947121fb56b4c594b</guid>
      <title>uncurated wrote a new post</title>
      <link>https://bsaber.com/?p=1143393</link>
      <pubDate>Mon, 08 Apr 2019 04:27:04 +0000</pubDate>


      <slash:comments>0</slash:comments>

      <SongKey>443d</SongKey>
      <DownloadURL>https://beatsaver.com/api/download/key/443d</DownloadURL>
      <Hash>54f6e76446b3a96cc4707fb2d2aa8bd1efd0baf3</Hash>
      <LevelAuthorName>heisenbergirl</LevelAuthorName>
      <SongTitle>PUSSY &#8211; Rammstein</SongTitle>
    </item>
    <item>
      <guid isPermaLink="false">5d7ba6ab77cb423dca5f51b1c6137ac2</guid>
      <title>uncurated wrote a new post</title>
      <link>https://bsaber.com/?p=1143425</link>
      <pubDate>Sun, 07 Apr 2019 21:08:19 +0000</pubDate>


      <slash:comments>0</slash:comments>

      <SongKey>442e</SongKey>
      <DownloadURL>https://beatsaver.com/api/download/key/442e</DownloadURL>
      <Hash>7c8386fe26e465cb134f0052e57227dd6311849c</Hash>
      <LevelAuthorName>rustic</LevelAuthorName>
      <SongTitle>Muzzy &amp; Teddy Killerz &#8211; Shut it Down</SongTitle>
    </item>
    <item>
      <guid isPermaLink="false">323a676976b1c787f5cc45383d8f92b5</guid>
      <title>uncurated wrote a new post</title>
      <link>https://bsaber.com/?p=1126866</link>
      <pubDate>Sun, 07 Apr 2019 14:18:16 +0000</pubDate>


      <slash:comments>0</slash:comments>

      <SongKey>4416</SongKey>
      <DownloadURL>https://beatsaver.com/api/download/key/4416</DownloadURL>
      <Hash>03bacc9e64af3c232223c42bbf5451d49dbaa5d6</Hash>
      <LevelAuthorName>Joetastic</LevelAuthorName>
      <SongTitle>Independence [Sword Art Online Alternative: Gun Gale Online OST] &#8211; Elza Kanzaki starring ReoNa</SongTitle>
    </item>
    <item>
      <guid isPermaLink="false">46fc20dbdad001a4f7e3b5722b3bfaa2</guid>
      <title>uncurated wrote a new post</title>
      <link>https://bsaber.com/?p=1143473</link>
      <pubDate>Sat, 06 Apr 2019 16:26:46 +0000</pubDate>


      <slash:comments>0</slash:comments>

      <SongKey>43e0</SongKey>
      <DownloadURL>https://beatsaver.com/api/download/key/43e0</DownloadURL>
      <Hash>ebad220631963c18e4fba9d2ce9edbb605fa1162</Hash>
      <LevelAuthorName>JackoDEJ</LevelAuthorName>
      <SongTitle>Quicksand Expert++</SongTitle>
    </item>
    <item>
      <guid isPermaLink="false">2d8de6eec8aa0e3693362bb53537063f</guid>
      <title>uncurated wrote a new post</title>
      <link>https://bsaber.com/?p=1143479</link>
      <pubDate>Sat, 06 Apr 2019 16:06:37 +0000</pubDate>


      <slash:comments>0</slash:comments>

      <SongKey>43de</SongKey>
      <DownloadURL>https://beatsaver.com/api/download/key/43de</DownloadURL>
      <Hash>5db8f2229af7cffde4d3afe1f8a2668cff9c85db</Hash>
      <LevelAuthorName>Joetastic</LevelAuthorName>
      <SongTitle>Saa Ikou! [BanG Dream! Soundtrack] &#8211; Poppin Party</SongTitle>
    </item>
    <item>
      <guid isPermaLink="false">a942ec0540692aa3e38c208e54931d04</guid>
      <title>uncurated wrote a new post</title>
      <link>https://bsaber.com/?p=1143488</link>
      <pubDate>Sat, 06 Apr 2019 13:30:42 +0000</pubDate>


      <slash:comments>0</slash:comments>

      <SongKey>43d6</SongKey>
      <DownloadURL>https://beatsaver.com/api/download/key/43d6</DownloadURL>
      <Hash>d016ecb8da1b1438d5ea172b689bd57a6eddbc1f</Hash>
      <LevelAuthorName>Joetastic</LevelAuthorName>
      <SongTitle>Hey, Let&#8217;s Go! [BanG Dream! Soundtrack] &#8211; Poppin Party</SongTitle>
    </item>
    <item>
      <guid isPermaLink="false">7d981aeb76abccff04a5a0bc70fb5f31</guid>
      <title>uncurated wrote a new post</title>
      <link>https://bsaber.com/?p=1143512</link>
      <pubDate>Fri, 05 Apr 2019 14:36:40 +0000</pubDate>


      <slash:comments>0</slash:comments>

      <SongKey>4391</SongKey>
      <DownloadURL>https://beatsaver.com/api/download/key/4391</DownloadURL>
      <Hash>6d9da84935c61dbf7548f2980d67027e02d2a92a</Hash>
      <LevelAuthorName>heisenbergirl</LevelAuthorName>
      <SongTitle>Save Yourself &#8211; My Darkest Days</SongTitle>
    </item>
    <item>
      <guid isPermaLink="false">a3e0540ed28711676bebb352af7b0485</guid>
      <title>uncurated wrote a new post</title>
      <link>https://bsaber.com/?p=1143536</link>
      <pubDate>Fri, 05 Apr 2019 12:06:50 +0000</pubDate>


      <slash:comments>0</slash:comments>

      <SongKey>4389</SongKey>
      <DownloadURL>https://beatsaver.com/api/download/key/4389</DownloadURL>
      <Hash>5d964cb17be21a66d79f4cd9dc5724e08aa61ba6</Hash>
      <LevelAuthorName>Joetastic</LevelAuthorName>
      <SongTitle>Sobakasu [BanG Dream! Soundtrack] &#8211; Pastel Palettes</SongTitle>
    </item>
    <item>
      <guid isPermaLink="false">00dea497880c0eb4e86e76b185069890</guid>
      <title>uncurated wrote a new post</title>
      <link>https://bsaber.com/?p=1143542</link>
      <pubDate>Fri, 05 Apr 2019 11:09:05 +0000</pubDate>


      <slash:comments>0</slash:comments>

      <SongKey>4387</SongKey>
      <DownloadURL>https://beatsaver.com/api/download/key/4387</DownloadURL>
      <Hash>0788ec298e800d1328429645ca3d228a0bb78399</Hash>
      <LevelAuthorName>Nuketime</LevelAuthorName>
      <SongTitle>Army of The Night &#8211; PowerWolf</SongTitle>
    </item>
    <item>
      <guid isPermaLink="false">c7b5f71037fe0acc2015280bead73a22</guid>
      <title>uncurated wrote a new post</title>
      <link>https://bsaber.com/?p=1143560</link>
      <pubDate>Fri, 05 Apr 2019 00:37:31 +0000</pubDate>


      <slash:comments>0</slash:comments>

      <SongKey>437b</SongKey>
      <DownloadURL>https://beatsaver.com/api/download/key/437b</DownloadURL>
      <Hash>df43ebe376f74ec0a5ad91b32b06b8c0bfb9a105</Hash>
      <LevelAuthorName>edzo</LevelAuthorName>
      <SongTitle>Planet Rave &#8211; S3RL ft Renee</SongTitle>
    </item>
    <item>
      <guid isPermaLink="false">ea36b0ff657ac58cdd07c966ce6110c8</guid>
      <title>CuratorRecommended wrote a new post</title>
      <link>https://bsaber.com/?p=1126362</link>
      <pubDate>Thu, 04 Apr 2019 22:20:03 +0000</pubDate>


      <slash:comments>0</slash:comments>

      <SongKey>4377</SongKey>
      <DownloadURL>https://beatsaver.com/api/download/key/4377</DownloadURL>
      <Hash>58cd8ddf99600d967bca61285e9e0c429138009d</Hash>
      <LevelAuthorName>bennydabeast</LevelAuthorName>
      <SongTitle>The Greatest &#8211; Sia</SongTitle>
    </item>
    <item>
      <guid isPermaLink="false">ecb2bcbd26d1d455079246bcd773177a</guid>
      <title>uncurated wrote a new post</title>
      <link>https://bsaber.com/?p=1143575</link>
      <pubDate>Thu, 04 Apr 2019 20:01:44 +0000</pubDate>


      <slash:comments>0</slash:comments>

      <SongKey>4373</SongKey>
      <DownloadURL>https://beatsaver.com/api/download/key/4373</DownloadURL>
      <Hash>19a00f2fbe514aa821cf8ad68962d53bfa28b731</Hash>
      <LevelAuthorName>bennydabeast</LevelAuthorName>
      <SongTitle>Came Here for Love &#8211; Sigala &amp; Ella Eyre</SongTitle>
    </item>
    <item>
      <guid isPermaLink="false">d15e983a9f8bbb3380008cf591c576d3</guid>
      <title>uncurated wrote a new post</title>
      <link>https://bsaber.com/?p=1126285</link>
      <pubDate>Thu, 04 Apr 2019 09:53:17 +0000</pubDate>


      <slash:comments>0</slash:comments>

      <SongKey>4358</SongKey>
      <DownloadURL>https://beatsaver.com/api/download/key/4358</DownloadURL>
      <Hash>b2d2eaa1754c72163c0a8c45d0fbdf42567c36f6</Hash>
      <LevelAuthorName>Joetastic</LevelAuthorName>
      <SongTitle>Kizuna Music [BanG Dream! Soundtrack] &#8211; Poppin Party</SongTitle>
    </item>
    <item>
      <guid isPermaLink="false">b943d738662b230d492f2c30d8ff29ce</guid>
      <title>uncurated wrote a new post</title>
      <link>https://bsaber.com/?p=1126153</link>
      <pubDate>Wed, 03 Apr 2019 18:03:27 +0000</pubDate>


      <slash:comments>0</slash:comments>

      <SongKey>432b</SongKey>
      <DownloadURL>https://beatsaver.com/api/download/key/432b</DownloadURL>
      <Hash>a93814dd26cf92eda9654fe8b3955c6e5696cf38</Hash>
      <LevelAuthorName>Joetastic</LevelAuthorName>
      <SongTitle>Bada Bing! Wit&#8217; A Pipe! &#8211; Four Year Strong</SongTitle>
    </item>
    <item>
      <guid isPermaLink="false">24f0c5ce4e46807f4116fb78741fa105</guid>
      <title>uncurated wrote a new post</title>
      <link>https://bsaber.com/?p=1126149</link>
      <pubDate>Wed, 03 Apr 2019 17:48:29 +0000</pubDate>


      <slash:comments>0</slash:comments>

      <SongKey>432a</SongKey>
      <DownloadURL>https://beatsaver.com/api/download/key/432a</DownloadURL>
      <Hash>9b27e412b085b91d46b3946f37e27c343025ee00</Hash>
      <LevelAuthorName>heisenbergirl</LevelAuthorName>
      <SongTitle>BOSS &#8211; NCT U</SongTitle>
    </item>

  </channel>
</rss>