﻿<?xml version="1.0" encoding="UTF-8"?>
<rss version="2.0"
	xmlns:content="http://purl.org/rss/1.0/modules/content/"
	xmlns:atom="http://www.w3.org/2005/Atom"
	xmlns:sy="http://purl.org/rss/1.0/modules/syndication/"
	xmlns:slash="http://purl.org/rss/1.0/modules/slash/"
	>

  <channel>
    <title>BeastSaber | Zingabopp | Following Activity</title>
    <link>https://bsaber.com/members/zingabopp/wall/followings/</link>
    <atom:link href="https://bsaber.com/members/zingabopp/wall/followings/feed/?acpage=4" rel="self" type="application/rss+xml" />
    <description>Activity feed for people that Zingabopp is following.</description>
    <lastBuildDate>Mon, 22 Jul 2019 04:02:42 +0000</lastBuildDate>
    <generator>https://buddypress.org/?v=4.3.0</generator>
    <language>en-US</language>
    <ttl>30</ttl>
    <sy:updatePeriod>hourly</sy:updatePeriod>
    <sy:updateFrequency>2</sy:updateFrequency>

    <item>
      <guid isPermaLink="false">b193217cc0cbcbc362bc8e45f8f25437</guid>
      <title>uncurated wrote a new post</title>
      <link>https://bsaber.com/?p=1133997</link>
      <pubDate>Sat, 18 May 2019 04:22:10 +0000</pubDate>


      <slash:comments>0</slash:comments>

      <SongKey>4d85</SongKey>
      <DownloadURL>https://beatsaver.com/api/download/key/4d85</DownloadURL>
      <Hash>284d7274ece613265b4a993672d8ae35675cc43d</Hash>
      <LevelAuthorName>Joetastic</LevelAuthorName>
      <SongTitle>Beautiful Uncertainty (Redux) &#8211; Kuba Oms</SongTitle>
    </item>
    <item>
      <guid isPermaLink="false">5decddb9d3866ee6c01404e636303f6c</guid>
      <title>uncurated wrote a new post</title>
      <link>https://bsaber.com/?p=1133986</link>
      <pubDate>Sat, 18 May 2019 02:21:01 +0000</pubDate>


      <slash:comments>0</slash:comments>

      <SongKey>4d82</SongKey>
      <DownloadURL>https://beatsaver.com/api/download/key/4d82</DownloadURL>
      <Hash>b58d4ca18269d630a2775e6e679ab7b71772680e</Hash>
      <LevelAuthorName>ConnorJC</LevelAuthorName>
      <SongTitle>Good Things Fall Apart (ILLENIUM &amp; Jon Bellion)</SongTitle>
    </item>
    <item>
      <guid isPermaLink="false">336f54a603e631b256891591dbb45a12</guid>
      <title>uncurated wrote a new post</title>
      <link>https://bsaber.com/?p=1133983</link>
      <pubDate>Sat, 18 May 2019 02:19:52 +0000</pubDate>


      <slash:comments>0</slash:comments>

      <SongKey>4d81</SongKey>
      <DownloadURL>https://beatsaver.com/api/download/key/4d81</DownloadURL>
      <Hash>77871bdd64f144d0afb6bee6827ccc30aac372ac</Hash>
      <LevelAuthorName>ConnorJC</LevelAuthorName>
      <SongTitle>Come &amp; Get It (Krewella)</SongTitle>
    </item>
    <item>
      <guid isPermaLink="false">419ad50ac567ed18373fbfef06be2f41</guid>
      <title>uncurated wrote a new post</title>
      <link>https://bsaber.com/?p=1133962</link>
      <pubDate>Fri, 17 May 2019 22:21:27 +0000</pubDate>


      <slash:comments>0</slash:comments>

      <SongKey>4d78</SongKey>
      <DownloadURL>https://beatsaver.com/api/download/key/4d78</DownloadURL>
      <Hash>1dd99cf5c696bc0ff9683a8d60fd7127be5607b9</Hash>
      <LevelAuthorName>Nuketime</LevelAuthorName>
      <SongTitle>USAO &#8211; Showdown</SongTitle>
    </item>
    <item>
      <guid isPermaLink="false">76d84c8f6eaaebeff215dca11b64ebac</guid>
      <title>uncurated wrote a new post</title>
      <link>https://bsaber.com/?p=1133943</link>
      <pubDate>Fri, 17 May 2019 17:56:21 +0000</pubDate>


      <slash:comments>0</slash:comments>

      <SongKey>4d74</SongKey>
      <DownloadURL>https://beatsaver.com/api/download/key/4d74</DownloadURL>
      <Hash>43f0b742b390af9c1679e9bdba535c0b2499127d</Hash>
      <LevelAuthorName>Rexxz</LevelAuthorName>
      <SongTitle>Wave &#8211; BLANKS</SongTitle>
    </item>
    <item>
      <guid isPermaLink="false">4fa47916e99cb5e8eee06b81e2acbba9</guid>
      <title>CuratorRecommended wrote a new post</title>
      <link>https://bsaber.com/?p=1133930</link>
      <pubDate>Fri, 17 May 2019 16:35:23 +0000</pubDate>


      <slash:comments>0</slash:comments>

      <SongKey>4d70</SongKey>
      <DownloadURL>https://beatsaver.com/api/download/key/4d70</DownloadURL>
      <Hash>a437dee9d3ad5a96ec1766da9c31f94b23f46cc4</Hash>
      <LevelAuthorName>Joetastic</LevelAuthorName>
      <SongTitle>Hit And Run &#8211; Breathe Carolina</SongTitle>
    </item>
    <item>
      <guid isPermaLink="false">3afc10bc4709fd7d855db33e7978dc83</guid>
      <title>uncurated wrote a new post</title>
      <link>https://bsaber.com/?p=1141504</link>
      <pubDate>Fri, 17 May 2019 12:46:08 +0000</pubDate>


      <slash:comments>0</slash:comments>

      <SongKey>4d67</SongKey>
      <DownloadURL>https://beatsaver.com/api/download/key/4d67</DownloadURL>
      <Hash>bf208d2fef913fd6914d8e5956c8fce423a5e8b9</Hash>
      <LevelAuthorName>Joetastic</LevelAuthorName>
      <SongTitle>Opera of the wasteland [BanG Dream! Soundtrack] &#8211; Roselia</SongTitle>
    </item>
    <item>
      <guid isPermaLink="false">04a7ea8679a1ded1b89edb5811a53b89</guid>
      <title>CuratorRecommended wrote a new post</title>
      <link>https://bsaber.com/?p=1133846</link>
      <pubDate>Fri, 17 May 2019 03:32:23 +0000</pubDate>


      <slash:comments>0</slash:comments>

      <SongKey>4d5b</SongKey>
      <DownloadURL>https://beatsaver.com/api/download/key/4d5b</DownloadURL>
      <Hash>e045f7e089b89f0556348d10d1652169d998bf4d</Hash>
      <LevelAuthorName>blackblazon</LevelAuthorName>
      <SongTitle>Back From The Dead</SongTitle>
    </item>
    <item>
      <guid isPermaLink="false">63969fb31a208c0bf01a7dd52cab2363</guid>
      <title>uncurated wrote a new post</title>
      <link>https://bsaber.com/?p=1133749</link>
      <pubDate>Thu, 16 May 2019 17:06:54 +0000</pubDate>


      <slash:comments>0</slash:comments>

      <SongKey>4d41</SongKey>
      <DownloadURL>https://beatsaver.com/api/download/key/4d41</DownloadURL>
      <Hash>17349754a991d975bcf32d4d3c1a5db7ce2906cf</Hash>
      <LevelAuthorName>Joetastic</LevelAuthorName>
      <SongTitle>Believe in my existence [BanG Dream! Soundtrack] &#8211; Roselia</SongTitle>
    </item>
    <item>
      <guid isPermaLink="false">e1c5bcceff986d0c71cf0dcb6dfe95b1</guid>
      <title>uncurated wrote a new post</title>
      <link>https://bsaber.com/?p=1133702</link>
      <pubDate>Thu, 16 May 2019 08:41:47 +0000</pubDate>


      <slash:comments>0</slash:comments>

      <SongKey>4d2f</SongKey>
      <DownloadURL>https://beatsaver.com/api/download/key/4d2f</DownloadURL>
      <Hash>5fd83514310077b0d72a319f8cf198270cc2d72c</Hash>
      <LevelAuthorName>Joetastic</LevelAuthorName>
      <SongTitle>Imagination [BanG Dream! Soundtrack] &#8211; Afterglow</SongTitle>
    </item>
    <item>
      <guid isPermaLink="false">07b28340e4e3feb4b29337c8eb1bb439</guid>
      <title>uncurated wrote a new post</title>
      <link>https://bsaber.com/?p=1133556</link>
      <pubDate>Wed, 15 May 2019 14:24:25 +0000</pubDate>


      <slash:comments>0</slash:comments>

      <SongKey>4d05</SongKey>
      <DownloadURL>https://beatsaver.com/api/download/key/4d05</DownloadURL>
      <Hash>624e48acb2145463105bde157790961d2fa90917</Hash>
      <LevelAuthorName>Joetastic</LevelAuthorName>
      <SongTitle>Sanctuary [BanG Dream! Soundtrack] &#8211; Roselia</SongTitle>
    </item>
    <item>
      <guid isPermaLink="false">838336f80644fdc5f9545f974bd9d462</guid>
      <title>uncurated wrote a new post</title>
      <link>https://bsaber.com/?p=1133515</link>
      <pubDate>Wed, 15 May 2019 04:52:20 +0000</pubDate>


      <slash:comments>0</slash:comments>

      <SongKey>4cf7</SongKey>
      <DownloadURL>https://beatsaver.com/api/download/key/4cf7</DownloadURL>
      <Hash>8b8aeb19841c0e71455b2dea320dfa9650bf1615</Hash>
      <LevelAuthorName>Joetastic</LevelAuthorName>
      <SongTitle>Sucker &#8211; Jonas Brothers</SongTitle>
    </item>
    <item>
      <guid isPermaLink="false">a4af36637b10ce1c5c1c72b676614c64</guid>
      <title>uncurated wrote a new post</title>
      <link>https://bsaber.com/?p=1133483</link>
      <pubDate>Wed, 15 May 2019 01:32:40 +0000</pubDate>


      <slash:comments>0</slash:comments>

      <SongKey>4cef</SongKey>
      <DownloadURL>https://beatsaver.com/api/download/key/4cef</DownloadURL>
      <Hash>c19cad7212fa082e3aaa6d2147fdbfa9916f5054</Hash>
      <LevelAuthorName>ConnorJC</LevelAuthorName>
      <SongTitle>Another F.U. Song &#8211; Reel Big Fish</SongTitle>
    </item>
    <item>
      <guid isPermaLink="false">f0261e94cdc35b9ef224997b6da6edbc</guid>
      <title>uncurated wrote a new post</title>
      <link>https://bsaber.com/?p=1133420</link>
      <pubDate>Tue, 14 May 2019 14:14:31 +0000</pubDate>


      <slash:comments>0</slash:comments>

      <SongKey>4e1b</SongKey>
      <DownloadURL>https://beatsaver.com/api/download/key/4e1b</DownloadURL>
      <Hash>4bdc1f93e5a87cb1efee3f8e93859d21a1ebca21</Hash>
      <LevelAuthorName>Joetastic</LevelAuthorName>
      <SongTitle>Alien Alien [BanG Dream! Soundtrack] &#8211; Hello, Happy World!</SongTitle>
    </item>
    <item>
      <guid isPermaLink="false">8d7730e1aaaf06a8eab1885172d5baf9</guid>
      <title>uncurated wrote a new post</title>
      <link>https://bsaber.com/?p=1133363</link>
      <pubDate>Tue, 14 May 2019 04:17:50 +0000</pubDate>


      <slash:comments>0</slash:comments>

      <SongKey>4cc7</SongKey>
      <DownloadURL>https://beatsaver.com/api/download/key/4cc7</DownloadURL>
      <Hash>10060a20ed0911b662276cb0498256d6948810b6</Hash>
      <LevelAuthorName>Joetastic</LevelAuthorName>
      <SongTitle>Burst The Gravity [Accel World 2nd Opening] &#8211; ALTIMA</SongTitle>
    </item>
    <item>
      <guid isPermaLink="false">68ebec7f02eeffec8d6eb474ee4eed4b</guid>
      <title>uncurated wrote a new post</title>
      <link>https://bsaber.com/?p=1133118</link>
      <pubDate>Sun, 12 May 2019 17:12:42 +0000</pubDate>


      <slash:comments>0</slash:comments>

      <SongKey>4c77</SongKey>
      <DownloadURL>https://beatsaver.com/api/download/key/4c77</DownloadURL>
      <Hash>ecf505c69fa915be15895a873d2be378115140d8</Hash>
      <LevelAuthorName>DarkGrisen</LevelAuthorName>
      <SongTitle>flameflower</SongTitle>
    </item>
    <item>
      <guid isPermaLink="false">dea0f70bd8cd604b2fd299009c09125d</guid>
      <title>uncurated wrote a new post</title>
      <link>https://bsaber.com/?p=1133108</link>
      <pubDate>Sun, 12 May 2019 15:53:10 +0000</pubDate>


      <slash:comments>0</slash:comments>

      <SongKey>4c74</SongKey>
      <DownloadURL>https://beatsaver.com/api/download/key/4c74</DownloadURL>
      <Hash>738e974d3418df0f9e144f1bee020a287403b6f5</Hash>
      <LevelAuthorName>Joetastic</LevelAuthorName>
      <SongTitle>Radioactive &#8211; Bullet For My Valentine</SongTitle>
    </item>
    <item>
      <guid isPermaLink="false">ed7f19587ff17dc85b55f621a0ffea30</guid>
      <title>CuratorRecommended wrote a new post</title>
      <link>https://bsaber.com/?p=1132936</link>
      <pubDate>Sat, 11 May 2019 21:39:34 +0000</pubDate>


      <slash:comments>0</slash:comments>

      <SongKey>4c2e</SongKey>
      <DownloadURL>https://beatsaver.com/api/download/key/4c2e</DownloadURL>
      <Hash>e21217079deb9e1c7335681d270dfa6a02af055a</Hash>
      <LevelAuthorName>JackoDEJ</LevelAuthorName>
      <SongTitle>Doki Doki Forever</SongTitle>
    </item>
    <item>
      <guid isPermaLink="false">cc321a0777b575c0586ce0822644fe13</guid>
      <title>uncurated wrote a new post</title>
      <link>https://bsaber.com/?p=1132896</link>
      <pubDate>Sat, 11 May 2019 19:04:57 +0000</pubDate>


      <slash:comments>0</slash:comments>

      <SongKey>4c5f</SongKey>
      <DownloadURL>https://beatsaver.com/api/download/key/4c5f</DownloadURL>
      <Hash>c2a4f5961aa50f484bb56b46953b22ad30fc77ee</Hash>
      <LevelAuthorName>KuritsaDBS</LevelAuthorName>
      <SongTitle>Maulverkill</SongTitle>
    </item>
    <item>
      <guid isPermaLink="false">558e59f16184a0d3fca4d1989de558a2</guid>
      <title>uncurated wrote a new post</title>
      <link>https://bsaber.com/?p=1132839</link>
      <pubDate>Sat, 11 May 2019 15:35:16 +0000</pubDate>


      <slash:comments>0</slash:comments>

      <SongKey>4c6d</SongKey>
      <DownloadURL>https://beatsaver.com/api/download/key/4c6d</DownloadURL>
      <Hash>999f44ce3683115fddc22abf032e745ec0bc90ec</Hash>
      <LevelAuthorName>Joetastic</LevelAuthorName>
      <SongTitle>Goya no Machiawase (offset bug fixed) [BanG Dream! Soundtrack] &#8211; Afterglow</SongTitle>
    </item>
    <item>
      <guid isPermaLink="false">5e6e16baa567412074f282713dfb07f4</guid>
      <title>uncurated wrote a new post</title>
      <link>https://bsaber.com/?p=1132806</link>
      <pubDate>Sat, 11 May 2019 09:01:55 +0000</pubDate>


      <slash:comments>0</slash:comments>

      <SongKey>4c07</SongKey>
      <DownloadURL>https://beatsaver.com/api/download/key/4c07</DownloadURL>
      <Hash>641d0c7697133b4c28ebebeed5110379e253b4c2</Hash>
      <LevelAuthorName>Joetastic</LevelAuthorName>
      <SongTitle>Happy Synthesizer [BanG Dream! Soundtrack] &#8211; Pastel Palettes</SongTitle>
    </item>
    <item>
      <guid isPermaLink="false">7fc974e324265d1a6f9a92b6c8b7f0b5</guid>
      <title>uncurated wrote a new post</title>
      <link>https://bsaber.com/?p=1132782</link>
      <pubDate>Sat, 11 May 2019 06:42:35 +0000</pubDate>


      <slash:comments>0</slash:comments>

      <SongKey>4bff</SongKey>
      <DownloadURL>https://beatsaver.com/api/download/key/4bff</DownloadURL>
      <Hash>bdad5e9b3f68326d56b05590fccbbba15f6c63e8</Hash>
      <LevelAuthorName>KuritsaDBS</LevelAuthorName>
      <SongTitle>Overkill &#8211; RIOT</SongTitle>
    </item>
    <item>
      <guid isPermaLink="false">5130427b05f96e6f5480ce5d61eff0b0</guid>
      <title>CuratorRecommended wrote a new post</title>
      <link>https://bsaber.com/?p=1132605</link>
      <pubDate>Fri, 10 May 2019 07:57:15 +0000</pubDate>


      <slash:comments>0</slash:comments>

      <SongKey>4bc8</SongKey>
      <DownloadURL>https://beatsaver.com/api/download/key/4bc8</DownloadURL>
      <Hash>429d0f52d9ec40c4b47187cae3e7b72a5db97531</Hash>
      <LevelAuthorName>rustic</LevelAuthorName>
      <SongTitle>Mashd N Kutcher, AVADOX &amp; Nick Havsen &#8211; Warfare</SongTitle>
    </item>
    <item>
      <guid isPermaLink="false">d6db42d0cbc4259255560c9f3f64f401</guid>
      <title>uncurated wrote a new post</title>
      <link>https://bsaber.com/?p=1132487</link>
      <pubDate>Thu, 09 May 2019 13:38:31 +0000</pubDate>


      <slash:comments>0</slash:comments>

      <SongKey>4ba3</SongKey>
      <DownloadURL>https://beatsaver.com/api/download/key/4ba3</DownloadURL>
      <Hash>a89cc61f3f232aef2b14581105acda6a7d41ab84</Hash>
      <LevelAuthorName>Joetastic</LevelAuthorName>
      <SongTitle>Secret Base Kimi Ga Kureta Mono [BanG Dream! Soundtrack] &#8211; Pastel Palettes</SongTitle>
    </item>
    <item>
      <guid isPermaLink="false">41d8aea114c86ab13d0221bc932b9616</guid>
      <title>uncurated wrote a new post</title>
      <link>https://bsaber.com/?p=1132208</link>
      <pubDate>Tue, 07 May 2019 21:02:19 +0000</pubDate>


      <slash:comments>0</slash:comments>

      <SongKey>4b3c</SongKey>
      <DownloadURL>https://beatsaver.com/api/download/key/4b3c</DownloadURL>
      <Hash>cca958c5be96af0729e085bc0ce881541530df8d</Hash>
      <LevelAuthorName>ruckus</LevelAuthorName>
      <SongTitle>[Halo 4] Green &amp; Blue by Neil Davidge (KOAN Sound Remix)</SongTitle>
    </item>
    <item>
      <guid isPermaLink="false">9c9a908f16206a2012a240f3c09e4958</guid>
      <title>uncurated wrote a new post</title>
      <link>https://bsaber.com/?p=1132186</link>
      <pubDate>Tue, 07 May 2019 18:45:49 +0000</pubDate>


      <slash:comments>0</slash:comments>

      <SongKey>4b33</SongKey>
      <DownloadURL>https://beatsaver.com/api/download/key/4b33</DownloadURL>
      <Hash>56ea889a2f6f70a6fe05bf71da6eb83e76c2020a</Hash>
      <LevelAuthorName>Joetastic</LevelAuthorName>
      <SongTitle>future gazer [Toaru Kagaku no Railgun OVA Opening] &#8211; fripSide</SongTitle>
    </item>
    <item>
      <guid isPermaLink="false">3b647129d73ab680de4e27fc69bf96cd</guid>
      <title>CuratorRecommended wrote a new post</title>
      <link>https://bsaber.com/?p=1132114</link>
      <pubDate>Tue, 07 May 2019 05:47:04 +0000</pubDate>


      <slash:comments>0</slash:comments>

      <SongKey>4b21</SongKey>
      <DownloadURL>https://beatsaver.com/api/download/key/4b21</DownloadURL>
      <Hash>7299c0ba35c4ee8ac24a08fdd1cfe6cef983475d</Hash>
      <LevelAuthorName>Joetastic</LevelAuthorName>
      <SongTitle>Wakuwaku meets Trip [BanG Dream! Soundtrack] &#8211; Pastel Palettes</SongTitle>
    </item>
    <item>
      <guid isPermaLink="false">fb690534b3ce0771f6d731f46c9cd2e3</guid>
      <title>uncurated wrote a new post</title>
      <link>https://bsaber.com/?p=1132026</link>
      <pubDate>Mon, 06 May 2019 12:57:55 +0000</pubDate>


      <slash:comments>0</slash:comments>

      <SongKey>4b00</SongKey>
      <DownloadURL>https://beatsaver.com/api/download/key/4b00</DownloadURL>
      <Hash>07197a716011145a34d6b8fe51cd1ba62e9437c3</Hash>
      <LevelAuthorName>Nuketime</LevelAuthorName>
      <SongTitle>Killing Me If You Can &#8211; UNDEAD CORPORATION</SongTitle>
    </item>
    <item>
      <guid isPermaLink="false">abd8a94ea421cf0759291726833a2dd6</guid>
      <title>uncurated wrote a new post</title>
      <link>https://bsaber.com/?p=1132023</link>
      <pubDate>Mon, 06 May 2019 12:44:53 +0000</pubDate>


      <slash:comments>0</slash:comments>

      <SongKey>4aff</SongKey>
      <DownloadURL>https://beatsaver.com/api/download/key/4aff</DownloadURL>
      <Hash>803c1d4adebe14ab287bd083f968132da1f0c677</Hash>
      <LevelAuthorName>Nuketime</LevelAuthorName>
      <SongTitle>Apocrypha &#8211; Moon Symphony</SongTitle>
    </item>
    <item>
      <guid isPermaLink="false">d08f507a4747658b7cf4f11627756079</guid>
      <title>uncurated wrote a new post</title>
      <link>https://bsaber.com/?p=1132020</link>
      <pubDate>Mon, 06 May 2019 12:37:09 +0000</pubDate>


      <slash:comments>0</slash:comments>

      <SongKey>4afe</SongKey>
      <DownloadURL>https://beatsaver.com/api/download/key/4afe</DownloadURL>
      <Hash>bae732082d542f9ead428cee0e93b6874d50c531</Hash>
      <LevelAuthorName>Nuketime</LevelAuthorName>
      <SongTitle>Embraced By The Flame &#8211; Undead Corporation</SongTitle>
    </item>
    <item>
      <guid isPermaLink="false">eeb8408593b2befe8a3d0aac2792b31c</guid>
      <title>uncurated wrote a new post</title>
      <link>https://bsaber.com/?p=1141942</link>
      <pubDate>Sun, 05 May 2019 19:28:58 +0000</pubDate>


      <slash:comments>0</slash:comments>

      <SongKey>4add</SongKey>
      <DownloadURL>https://beatsaver.com/api/download/key/4add</DownloadURL>
      <Hash>b72878262f885a044d5f25cfd0a931bb4d57b9b4</Hash>
      <LevelAuthorName>DarkGrisen</LevelAuthorName>
      <SongTitle>Still Alive (Radio Ver.)</SongTitle>
    </item>
    <item>
      <guid isPermaLink="false">40e6211cc4eca1435291625bd58d90ae</guid>
      <title>uncurated wrote a new post</title>
      <link>https://bsaber.com/?p=1141972</link>
      <pubDate>Sun, 05 May 2019 15:27:55 +0000</pubDate>


      <slash:comments>0</slash:comments>

      <SongKey>4ac6</SongKey>
      <DownloadURL>https://beatsaver.com/api/download/key/4ac6</DownloadURL>
      <Hash>2821af8f3e04e8c81c3f22a9b441485ab1661933</Hash>
      <LevelAuthorName>Rexxz</LevelAuthorName>
      <SongTitle>U.N. Owen Was Her &#8211; RichaadEB</SongTitle>
    </item>
    <item>
      <guid isPermaLink="false">8ffb372fd5329ac0cee52247a212c984</guid>
      <title>uncurated wrote a new post</title>
      <link>https://bsaber.com/?p=1131830</link>
      <pubDate>Sun, 05 May 2019 14:34:54 +0000</pubDate>


      <slash:comments>0</slash:comments>

      <SongKey>4ac1</SongKey>
      <DownloadURL>https://beatsaver.com/api/download/key/4ac1</DownloadURL>
      <Hash>4f5dfc002f3b1a9a6765dd94c67abe2e2ca10b74</Hash>
      <LevelAuthorName>heisenbergirl</LevelAuthorName>
      <SongTitle>Lost In The Echo &#8211; Linkin Park</SongTitle>
    </item>
    <item>
      <guid isPermaLink="false">9a7dc506bb1231dd8a252fdf09322177</guid>
      <title>uncurated wrote a new post</title>
      <link>https://bsaber.com/?p=1131803</link>
      <pubDate>Sun, 05 May 2019 10:42:30 +0000</pubDate>


      <slash:comments>0</slash:comments>

      <SongKey>4ab4</SongKey>
      <DownloadURL>https://beatsaver.com/api/download/key/4ab4</DownloadURL>
      <Hash>3520768849ba7128ed10069ca5e2fd0aa4633c6f</Hash>
      <LevelAuthorName>rustic</LevelAuthorName>
      <SongTitle>Xilent &#8211; Mass Creation Ft. Youthstar</SongTitle>
    </item>
    <item>
      <guid isPermaLink="false">2f989ab9436fb5e063dd0466cd72ce60</guid>
      <title>uncurated wrote a new post</title>
      <link>https://bsaber.com/?p=1131730</link>
      <pubDate>Sat, 04 May 2019 20:29:45 +0000</pubDate>


      <slash:comments>0</slash:comments>

      <SongKey>4a98</SongKey>
      <DownloadURL>https://beatsaver.com/api/download/key/4a98</DownloadURL>
      <Hash>d686074b48133a3ecc7ac903c8fe95e9219e4be7</Hash>
      <LevelAuthorName>JackoDEJ</LevelAuthorName>
      <SongTitle>Omen In The Rain</SongTitle>
    </item>
    <item>
      <guid isPermaLink="false">2b19fd600c6bc6597a00735dfec80e4f</guid>
      <title>CuratorRecommended wrote a new post</title>
      <link>https://bsaber.com/?p=1131664</link>
      <pubDate>Sat, 04 May 2019 09:26:07 +0000</pubDate>


      <slash:comments>0</slash:comments>

      <SongKey>4a82</SongKey>
      <DownloadURL>https://beatsaver.com/api/download/key/4a82</DownloadURL>
      <Hash>62cde0e982b7281b5d36efed412e5ac7d308229e</Hash>
      <LevelAuthorName>Joetastic</LevelAuthorName>
      <SongTitle>Replay &#8211; Iyaz</SongTitle>
    </item>
    <item>
      <guid isPermaLink="false">754c86ac88f54a47167d3451116c7fc2</guid>
      <title>CuratorRecommended wrote a new post</title>
      <link>https://bsaber.com/?p=1131281</link>
      <pubDate>Thu, 02 May 2019 19:03:13 +0000</pubDate>


      <slash:comments>0</slash:comments>

      <SongKey>49fc</SongKey>
      <DownloadURL>https://beatsaver.com/api/download/key/49fc</DownloadURL>
      <Hash>9465922b3962dca2b4c6d3b312fe61bec255c1e4</Hash>
      <LevelAuthorName>Joetastic</LevelAuthorName>
      <SongTitle>You Give Love A Bad Name &#8211; Bon Jovi</SongTitle>
    </item>
    <item>
      <guid isPermaLink="false">b4c21f0219ada2374764ffa3b2f0a80d</guid>
      <title>CuratorRecommended wrote a new post</title>
      <link>https://bsaber.com/?p=1131243</link>
      <pubDate>Thu, 02 May 2019 15:08:00 +0000</pubDate>


      <slash:comments>0</slash:comments>

      <SongKey>49f2</SongKey>
      <DownloadURL>https://beatsaver.com/api/download/key/49f2</DownloadURL>
      <Hash>172b9d6d206a3fb679426b2934daad3191b10ec7</Hash>
      <LevelAuthorName>Joetastic</LevelAuthorName>
      <SongTitle>It&#8217;s My Life &#8211; Bon Jovi</SongTitle>
    </item>
    <item>
      <guid isPermaLink="false">261b092590762ee0f9087dbee7ec46f4</guid>
      <title>CuratorRecommended wrote a new post</title>
      <link>https://bsaber.com/?p=1131225</link>
      <pubDate>Thu, 02 May 2019 11:30:40 +0000</pubDate>


      <slash:comments>0</slash:comments>

      <SongKey>49e8</SongKey>
      <DownloadURL>https://beatsaver.com/api/download/key/49e8</DownloadURL>
      <Hash>c8e03220624574a0a53b93854a09b87a95432eab</Hash>
      <LevelAuthorName>KuritsaDBS</LevelAuthorName>
      <SongTitle>Angels &#8211; Robbie Williams</SongTitle>
    </item>
    <item>
      <guid isPermaLink="false">27d6baf87c56ef09088108fe2df5e6e1</guid>
      <title>uncurated wrote a new post</title>
      <link>https://bsaber.com/?p=1131145</link>
      <pubDate>Thu, 02 May 2019 00:32:03 +0000</pubDate>


      <slash:comments>0</slash:comments>

      <SongKey>49cc</SongKey>
      <DownloadURL>https://beatsaver.com/api/download/key/49cc</DownloadURL>
      <Hash>0f362757d37f67e13c76789f6befaf4972dfdaa2</Hash>
      <LevelAuthorName>JackoDEJ</LevelAuthorName>
      <SongTitle>Perfect Crime Love Letter</SongTitle>
    </item>
    <item>
      <guid isPermaLink="false">126863b8a2d1093788e104f77f21b67b</guid>
      <title>uncurated wrote a new post</title>
      <link>https://bsaber.com/?p=1131123</link>
      <pubDate>Wed, 01 May 2019 21:22:38 +0000</pubDate>


      <slash:comments>0</slash:comments>

      <SongKey>49c3</SongKey>
      <DownloadURL>https://beatsaver.com/api/download/key/49c3</DownloadURL>
      <Hash>30d001b2248ab59cd19ce45d8ff001e515e2508a</Hash>
      <LevelAuthorName>heisenbergirl</LevelAuthorName>
      <SongTitle>You Shook Me All Night Long &#8211; AC/DC</SongTitle>
    </item>
    <item>
      <guid isPermaLink="false">4bc56e20cbd866f15c31130d8ff766f4</guid>
      <title>uncurated wrote a new post</title>
      <link>https://bsaber.com/?p=1131088</link>
      <pubDate>Wed, 01 May 2019 16:27:59 +0000</pubDate>


      <slash:comments>0</slash:comments>

      <SongKey>49b9</SongKey>
      <DownloadURL>https://beatsaver.com/api/download/key/49b9</DownloadURL>
      <Hash>28cb961cf15837329cb0f33f7fc83f7e84488a46</Hash>
      <LevelAuthorName>Joetastic</LevelAuthorName>
      <SongTitle>PASSIONATE ANTHEM [BanG Dream! Soundtrack] &#8211; Roselia</SongTitle>
    </item>
    <item>
      <guid isPermaLink="false">32c8d45e18b336437f48459424dcc7b2</guid>
      <title>uncurated wrote a new post</title>
      <link>https://bsaber.com/?p=1142095</link>
      <pubDate>Wed, 01 May 2019 11:07:58 +0000</pubDate>


      <slash:comments>0</slash:comments>

      <SongKey>49af</SongKey>
      <DownloadURL>https://beatsaver.com/api/download/key/49af</DownloadURL>
      <Hash>a1c852ccfd23de9d7919c9db73914c5e08994255</Hash>
      <LevelAuthorName>Nuketime</LevelAuthorName>
      <SongTitle>Yoru Naku Usagi wa Yume o Miru &#8211; UNDEAD CORPORATION</SongTitle>
    </item>
    <item>
      <guid isPermaLink="false">9eb000a2af6d7a845129071ad596a64c</guid>
      <title>uncurated wrote a new post</title>
      <link>https://bsaber.com/?p=1130951</link>
      <pubDate>Tue, 30 Apr 2019 13:51:11 +0000</pubDate>


      <slash:comments>0</slash:comments>

      <SongKey>498c</SongKey>
      <DownloadURL>https://beatsaver.com/api/download/key/498c</DownloadURL>
      <Hash>c542a1e6945773ff41446524021738d08cde68ef</Hash>
      <LevelAuthorName>Rexxz</LevelAuthorName>
      <SongTitle>Up &amp; Down &#8211; Marnik</SongTitle>
    </item>
    <item>
      <guid isPermaLink="false">ad0ecc93d04b29abe95b2886cb5976b8</guid>
      <title>uncurated wrote a new post</title>
      <link>https://bsaber.com/?p=1130915</link>
      <pubDate>Tue, 30 Apr 2019 06:45:51 +0000</pubDate>


      <slash:comments>0</slash:comments>

      <SongKey>4980</SongKey>
      <DownloadURL>https://beatsaver.com/api/download/key/4980</DownloadURL>
      <Hash>b14639af36673a43fe32bc7563619deff438d438</Hash>
      <LevelAuthorName>Joetastic</LevelAuthorName>
      <SongTitle>Paradise &#8211; Coldplay</SongTitle>
    </item>
    <item>
      <guid isPermaLink="false">5aa5d9ce8ab5e3c02a67476abd63a18e</guid>
      <title>CuratorRecommended wrote a new post</title>
      <link>https://bsaber.com/?p=1130767</link>
      <pubDate>Mon, 29 Apr 2019 12:21:28 +0000</pubDate>


      <slash:comments>0</slash:comments>

      <SongKey>4953</SongKey>
      <DownloadURL>https://beatsaver.com/api/download/key/4953</DownloadURL>
      <Hash>21391e61efd7f30a5a2632e97b7faa0b031028a6</Hash>
      <LevelAuthorName>Joetastic</LevelAuthorName>
      <SongTitle>BANG BANG BANG &#8211; BIGBANG</SongTitle>
    </item>
    <item>
      <guid isPermaLink="false">0181624b3477439ed7d131878244b568</guid>
      <title>uncurated wrote a new post</title>
      <link>https://bsaber.com/?p=1142246</link>
      <pubDate>Mon, 29 Apr 2019 11:03:25 +0000</pubDate>


      <slash:comments>0</slash:comments>

      <SongKey>4948</SongKey>
      <DownloadURL>https://beatsaver.com/api/download/key/4948</DownloadURL>
      <Hash>c5b3fc97a91e3187ce158664b4e31b0843c736cd</Hash>
      <LevelAuthorName>Nuketime</LevelAuthorName>
      <SongTitle>Varien &#8211; Blood Hunter</SongTitle>
    </item>
    <item>
      <guid isPermaLink="false">dcfc3ca733d382bf0f9eb701a33a5fd2</guid>
      <title>uncurated wrote a new post</title>
      <link>https://bsaber.com/?p=1142249</link>
      <pubDate>Mon, 29 Apr 2019 10:54:30 +0000</pubDate>


      <slash:comments>0</slash:comments>

      <SongKey>4947</SongKey>
      <DownloadURL>https://beatsaver.com/api/download/key/4947</DownloadURL>
      <Hash>b81e9ffcd212be4ceaff883d70759264241f18a5</Hash>
      <LevelAuthorName>Nuketime</LevelAuthorName>
      <SongTitle>TiamaT-F minor -Zeit Ende</SongTitle>
    </item>
    <item>
      <guid isPermaLink="false">06afbb388c02c0750459e7dc9afb1cdf</guid>
      <title>uncurated wrote a new post</title>
      <link>https://bsaber.com/?p=1130686</link>
      <pubDate>Mon, 29 Apr 2019 01:10:04 +0000</pubDate>


      <slash:comments>0</slash:comments>

      <SongKey>4931</SongKey>
      <DownloadURL>https://beatsaver.com/api/download/key/4931</DownloadURL>
      <Hash>e58341e4b29fb81e07a097142ffdfbb87b97abd0</Hash>
      <LevelAuthorName>heisenbergirl</LevelAuthorName>
      <SongTitle>Leave Out All The Rest &#8211; Linkin Park</SongTitle>
    </item>
    <item>
      <guid isPermaLink="false">b651925aefdbcffeb7e0e084ac2f149a</guid>
      <title>uncurated wrote a new post</title>
      <link>https://bsaber.com/?p=1130653</link>
      <pubDate>Sun, 28 Apr 2019 21:23:27 +0000</pubDate>


      <slash:comments>0</slash:comments>

      <SongKey>4926</SongKey>
      <DownloadURL>https://beatsaver.com/api/download/key/4926</DownloadURL>
      <Hash>fd52da0c8ddc20e800c8c65f2b091752047f54a6</Hash>
      <LevelAuthorName>heisenbergirl</LevelAuthorName>
      <SongTitle>Turn Down For What &#8211; DJ Snake, Lil Jon</SongTitle>
    </item>

  </channel>
</rss>