﻿<?xml version="1.0" encoding="UTF-8"?>
<rss version="2.0"
	xmlns:content="http://purl.org/rss/1.0/modules/content/"
	xmlns:atom="http://www.w3.org/2005/Atom"
	xmlns:sy="http://purl.org/rss/1.0/modules/syndication/"
	xmlns:slash="http://purl.org/rss/1.0/modules/slash/"
	>

  <channel>
    <title>BeastSaber | Zingabopp | Following Activity</title>
    <link>https://bsaber.com/members/zingabopp/wall/followings/</link>
    <atom:link href="https://bsaber.com/members/zingabopp/wall/followings/feed/?acpage=6" rel="self" type="application/rss+xml" />
    <description>Activity feed for people that Zingabopp is following.</description>
    <lastBuildDate>Mon, 22 Jul 2019 04:02:42 +0000</lastBuildDate>
    <generator>https://buddypress.org/?v=4.3.0</generator>
    <language>en-US</language>
    <ttl>30</ttl>
    <sy:updatePeriod>hourly</sy:updatePeriod>
    <sy:updateFrequency>2</sy:updateFrequency>

    <item>
      <guid isPermaLink="false">6685e4fbe2e4606047c0e4cc5f37e96b</guid>
      <title>uncurated wrote a new post</title>
      <link>https://bsaber.com/?p=1126131</link>
      <pubDate>Wed, 03 Apr 2019 15:55:00 +0000</pubDate>


      <slash:comments>0</slash:comments>

      <SongKey>4353</SongKey>
      <DownloadURL>https://beatsaver.com/api/download/key/4353</DownloadURL>
      <Hash>0b0eb53cff905c3a62fb57dcd62ab3281ff39b2b</Hash>
      <LevelAuthorName>Joetastic</LevelAuthorName>
      <SongTitle>Plus Danshi V2 &#8211; REOL</SongTitle>
    </item>
    <item>
      <guid isPermaLink="false">87c2f2d22211b6160d422d627c22dacd</guid>
      <title>uncurated wrote a new post</title>
      <link>https://bsaber.com/?p=1126124</link>
      <pubDate>Wed, 03 Apr 2019 14:38:44 +0000</pubDate>


      <slash:comments>0</slash:comments>

      <SongKey>4322</SongKey>
      <DownloadURL>https://beatsaver.com/api/download/key/4322</DownloadURL>
      <Hash>6051790fe04f8a85a661f4f19abd9825e277c866</Hash>
      <LevelAuthorName>Joetastic</LevelAuthorName>
      <SongTitle>Block Out The World &#8211; Maxeen</SongTitle>
    </item>
    <item>
      <guid isPermaLink="false">3e4324ca2ca0d7db1e64589d26682c59</guid>
      <title>uncurated wrote a new post</title>
      <link>https://bsaber.com/?p=1126111</link>
      <pubDate>Wed, 03 Apr 2019 09:52:47 +0000</pubDate>


      <slash:comments>0</slash:comments>

      <SongKey>431c</SongKey>
      <DownloadURL>https://beatsaver.com/api/download/key/431c</DownloadURL>
      <Hash>f95bfca25401b117bd9bec202c741bd75f44141b</Hash>
      <LevelAuthorName>Joetastic</LevelAuthorName>
      <SongTitle>Shine (RWBY: Volume 2 Soundtrack) &#8211; Jeff Williams ft. Casey Lee Williams</SongTitle>
    </item>
    <item>
      <guid isPermaLink="false">2b294829cacf5f738bedb0361fcbc62c</guid>
      <title>uncurated wrote a new post</title>
      <link>https://bsaber.com/?p=1126096</link>
      <pubDate>Wed, 03 Apr 2019 07:32:18 +0000</pubDate>


      <slash:comments>0</slash:comments>

      <SongKey>4316</SongKey>
      <DownloadURL>https://beatsaver.com/api/download/key/4316</DownloadURL>
      <Hash>3c18be9f5c9f4aada463aa64d59215061e528463</Hash>
      <LevelAuthorName>Joetastic</LevelAuthorName>
      <SongTitle>StaRt [BanG Dream! Soundtrack] &#8211; Hello, Happy World!</SongTitle>
    </item>
    <item>
      <guid isPermaLink="false">000e987bd3eebbb0412a8d4474551351</guid>
      <title>uncurated wrote a new post</title>
      <link>https://bsaber.com/?p=1126060</link>
      <pubDate>Wed, 03 Apr 2019 01:43:32 +0000</pubDate>


      <slash:comments>0</slash:comments>

      <SongKey>4309</SongKey>
      <DownloadURL>https://beatsaver.com/api/download/key/4309</DownloadURL>
      <Hash>69dbab5b5b4d2caf88a4a1920250eda57f39bc6e</Hash>
      <LevelAuthorName>JackoDEJ</LevelAuthorName>
      <SongTitle>Destroy It &#8211; Black Tiger Sex Machine</SongTitle>
    </item>
    <item>
      <guid isPermaLink="false">0ae3b813fafa379b066bf62c133adf95</guid>
      <title>uncurated wrote a new post</title>
      <link>https://bsaber.com/?p=1126008</link>
      <pubDate>Tue, 02 Apr 2019 18:55:19 +0000</pubDate>


      <slash:comments>0</slash:comments>

      <SongKey>42f9</SongKey>
      <DownloadURL>https://beatsaver.com/api/download/key/42f9</DownloadURL>
      <Hash>1e3de37b9648481a55374305b30a18c479ae9881</Hash>
      <LevelAuthorName>ruckus</LevelAuthorName>
      <SongTitle>Galop Infernal / Can-can &#8211; Offenbach 【FalKKonE Metal Cover】</SongTitle>
    </item>
    <item>
      <guid isPermaLink="false">ff4a1bca530035f399c51cf7d7cf055c</guid>
      <title>uncurated wrote a new post</title>
      <link>https://bsaber.com/?p=1143640</link>
      <pubDate>Tue, 02 Apr 2019 14:46:57 +0000</pubDate>


      <slash:comments>0</slash:comments>

      <SongKey>42f3</SongKey>
      <DownloadURL>https://beatsaver.com/api/download/key/42f3</DownloadURL>
      <Hash>d3006fb117dc93e7e68de077e2c36327cc64d48b</Hash>
      <LevelAuthorName>Joetastic</LevelAuthorName>
      <SongTitle>Bmblb (RWBY: Volume 4 Soundtrack) &#8211; Jeff Williams ft. Casey Lee Williams</SongTitle>
    </item>
    <item>
      <guid isPermaLink="false">17a1fa2a040efbcbce83e3385f29c475</guid>
      <title>uncurated wrote a new post</title>
      <link>https://bsaber.com/?p=1143655</link>
      <pubDate>Tue, 02 Apr 2019 06:48:17 +0000</pubDate>


      <slash:comments>0</slash:comments>

      <SongKey>42ed</SongKey>
      <DownloadURL>https://beatsaver.com/api/download/key/42ed</DownloadURL>
      <Hash>a392ce4e3a7662fe474157c3e9041e3ffc60bb22</Hash>
      <LevelAuthorName>Joetastic</LevelAuthorName>
      <SongTitle>GO! GO! MANIAC [BanG Dream! Soundtrack] &#8211; Hello, Happy World!</SongTitle>
    </item>
    <item>
      <guid isPermaLink="false">0ab21f7f3bbb09b7bfc2eb6f750d878b</guid>
      <title>uncurated wrote a new post</title>
      <link>https://bsaber.com/?p=1143661</link>
      <pubDate>Tue, 02 Apr 2019 03:59:23 +0000</pubDate>


      <slash:comments>0</slash:comments>

      <SongKey>42ea</SongKey>
      <DownloadURL>https://beatsaver.com/api/download/key/42ea</DownloadURL>
      <Hash>414169f2f791443d9f6278009dd91ebe369bc9b6</Hash>
      <LevelAuthorName>heisenbergirl</LevelAuthorName>
      <SongTitle>DEUTSCHLAND &#8211; Rammstein</SongTitle>
    </item>
    <item>
      <guid isPermaLink="false">1411dd53f17061a81fe1249b334671ad</guid>
      <title>uncurated wrote a new post</title>
      <link>https://bsaber.com/?p=1143667</link>
      <pubDate>Tue, 02 Apr 2019 01:18:02 +0000</pubDate>


      <slash:comments>0</slash:comments>

      <SongKey>42e7</SongKey>
      <DownloadURL>https://beatsaver.com/api/download/key/42e7</DownloadURL>
      <Hash>7e9e42567729971f5e4fa1a779bcc8a0143e972e</Hash>
      <LevelAuthorName>Rexxz</LevelAuthorName>
      <SongTitle>Ultra Necromza Battle &#8211; RichaadEB</SongTitle>
    </item>
    <item>
      <guid isPermaLink="false">39af19cc11fbab3e7d486b5660141962</guid>
      <title>uncurated wrote a new post</title>
      <link>https://bsaber.com/?p=1125922</link>
      <pubDate>Mon, 01 Apr 2019 23:12:10 +0000</pubDate>


      <slash:comments>0</slash:comments>

      <SongKey>42de</SongKey>
      <DownloadURL>https://beatsaver.com/api/download/key/42de</DownloadURL>
      <Hash>63d2d5920e6676f63bf997ae606b6d1590cd8c8d</Hash>
      <LevelAuthorName>bennydabeast</LevelAuthorName>
      <SongTitle>Kamikaze &#8211; WALK THE MOON</SongTitle>
    </item>
    <item>
      <guid isPermaLink="false">0d15899684026dc18a72d8918bc46026</guid>
      <title>uncurated wrote a new post</title>
      <link>https://bsaber.com/?p=1143765</link>
      <pubDate>Mon, 01 Apr 2019 02:46:35 +0000</pubDate>


      <slash:comments>0</slash:comments>

      <SongKey>4298</SongKey>
      <DownloadURL>https://beatsaver.com/api/download/key/4298</DownloadURL>
      <Hash>050a709af8ba61508619fb3b0d53cd8d6eae624e</Hash>
      <LevelAuthorName>Joetastic</LevelAuthorName>
      <SongTitle>Rockefeller Street? &#8211; Getter Jaani</SongTitle>
    </item>
    <item>
      <guid isPermaLink="false">3ff52b4525866f6a7e6ac1f4ce790834</guid>
      <title>uncurated wrote a new post</title>
      <link>https://bsaber.com/?p=1125619</link>
      <pubDate>Sun, 31 Mar 2019 22:24:34 +0000</pubDate>


      <slash:comments>0</slash:comments>

      <SongKey>427d</SongKey>
      <DownloadURL>https://beatsaver.com/api/download/key/427d</DownloadURL>
      <Hash>459ad89d9dbfafecb7dffbb71371ac82047c5260</Hash>
      <LevelAuthorName>blackblazon</LevelAuthorName>
      <SongTitle>End Of The Night</SongTitle>
    </item>
    <item>
      <guid isPermaLink="false">96e79943f6bc8a88c7222682d75810f5</guid>
      <title>uncurated wrote a new post</title>
      <link>https://bsaber.com/?p=1143856</link>
      <pubDate>Sat, 30 Mar 2019 19:26:31 +0000</pubDate>


      <slash:comments>0</slash:comments>

      <SongKey>4219</SongKey>
      <DownloadURL>https://beatsaver.com/api/download/key/4219</DownloadURL>
      <Hash>ce783698923e34356bc585eef171f87e30ccf16e</Hash>
      <LevelAuthorName>Nuketime</LevelAuthorName>
      <SongTitle>Sigmund &#8211; Gram (The Requiem&#8217;s ​​Extended MIX)</SongTitle>
    </item>
    <item>
      <guid isPermaLink="false">6630c63b7ebb7adb9d9e30fc689f8972</guid>
      <title>uncurated wrote a new post</title>
      <link>https://bsaber.com/?p=1143862</link>
      <pubDate>Sat, 30 Mar 2019 19:21:46 +0000</pubDate>


      <slash:comments>0</slash:comments>

      <SongKey>4216</SongKey>
      <DownloadURL>https://beatsaver.com/api/download/key/4216</DownloadURL>
      <Hash>2a5ced75e31f019b2cdd4800ef94e0093b258776</Hash>
      <LevelAuthorName>Joetastic</LevelAuthorName>
      <SongTitle>Cooler Than Me &#8211; Mike Posner</SongTitle>
    </item>
    <item>
      <guid isPermaLink="false">0a54dedba549e3c4f1316114011ff1b2</guid>
      <title>uncurated wrote a new post</title>
      <link>https://bsaber.com/?p=1143868</link>
      <pubDate>Sat, 30 Mar 2019 19:12:13 +0000</pubDate>


      <slash:comments>0</slash:comments>

      <SongKey>4211</SongKey>
      <DownloadURL>https://beatsaver.com/api/download/key/4211</DownloadURL>
      <Hash>aa94aeef877eecea90e4cf3795a84799056042e3</Hash>
      <LevelAuthorName>Nuketime</LevelAuthorName>
      <SongTitle>Overkill &#8211; RIOT</SongTitle>
    </item>
    <item>
      <guid isPermaLink="false">b438a0df43888534fd740b7f07df9ffd</guid>
      <title>uncurated wrote a new post</title>
      <link>https://bsaber.com/?p=1143879</link>
      <pubDate>Sat, 30 Mar 2019 01:29:19 +0000</pubDate>


      <slash:comments>0</slash:comments>

      <SongKey>41e0</SongKey>
      <DownloadURL>https://beatsaver.com/api/download/key/41e0</DownloadURL>
      <Hash>270e8c991cc6841af30ee0ea1c6c5927b4ca5393</Hash>
      <LevelAuthorName>JackoDEJ</LevelAuthorName>
      <SongTitle>Camellia Mashup</SongTitle>
    </item>
    <item>
      <guid isPermaLink="false">eee37d70d1a318ff06de5d48ec676b14</guid>
      <title>uncurated wrote a new post</title>
      <link>https://bsaber.com/?p=1125099</link>
      <pubDate>Fri, 29 Mar 2019 21:35:40 +0000</pubDate>


      <slash:comments>0</slash:comments>

      <SongKey>4200</SongKey>
      <DownloadURL>https://beatsaver.com/api/download/key/4200</DownloadURL>
      <Hash>ca715e7b3ab2b5514919893f150190717e2efbbe</Hash>
      <LevelAuthorName>bennydabeast</LevelAuthorName>
      <SongTitle>RISE feat The Glitch Mob, Mako, The Word Alive &#8211; League of Legends</SongTitle>
    </item>
    <item>
      <guid isPermaLink="false">2fabf2ef999160e0de5e0531e53b2f33</guid>
      <title>uncurated wrote a new post</title>
      <link>https://bsaber.com/?p=1125072</link>
      <pubDate>Fri, 29 Mar 2019 18:49:59 +0000</pubDate>


      <slash:comments>0</slash:comments>

      <SongKey>41cc</SongKey>
      <DownloadURL>https://beatsaver.com/api/download/key/41cc</DownloadURL>
      <Hash>1b8c32074d8915e938fa5fb6ee7fbdf6d4ec533c</Hash>
      <LevelAuthorName>bennydabeast</LevelAuthorName>
      <SongTitle>Suit &amp; Tie feat. JAY Z &#8211; Justin Timberlake</SongTitle>
    </item>
    <item>
      <guid isPermaLink="false">298d5f8b90868e27ae2786f1b2500bed</guid>
      <title>uncurated wrote a new post</title>
      <link>https://bsaber.com/?p=1125036</link>
      <pubDate>Fri, 29 Mar 2019 16:05:19 +0000</pubDate>


      <slash:comments>0</slash:comments>

      <SongKey>41bf</SongKey>
      <DownloadURL>https://beatsaver.com/api/download/key/41bf</DownloadURL>
      <Hash>2cf6ae209949f72c2eecc82a6a24f774a2074219</Hash>
      <LevelAuthorName>Joetastic</LevelAuthorName>
      <SongTitle>Zettai Sengen ~Recital~ [BanG Dream! Soundtrack] &#8211; Pastel Palettes</SongTitle>
    </item>
    <item>
      <guid isPermaLink="false">3042971764437f820855aff4d80be2d2</guid>
      <title>uncurated wrote a new post</title>
      <link>https://bsaber.com/?p=1125000</link>
      <pubDate>Fri, 29 Mar 2019 11:04:56 +0000</pubDate>


      <slash:comments>0</slash:comments>

      <SongKey>41b0</SongKey>
      <DownloadURL>https://beatsaver.com/api/download/key/41b0</DownloadURL>
      <Hash>cde7ecf81d22ba722efce90d8fb1eaa093354b33</Hash>
      <LevelAuthorName>greatyazer</LevelAuthorName>
      <SongTitle>The Interupters &#8211; Shes Kerosene</SongTitle>
    </item>
    <item>
      <guid isPermaLink="false">1dd5700fd0872a8680e90d59a3a5f310</guid>
      <title>uncurated wrote a new post</title>
      <link>https://bsaber.com/?p=1143953</link>
      <pubDate>Thu, 28 Mar 2019 19:29:03 +0000</pubDate>


      <slash:comments>0</slash:comments>

      <SongKey>417d</SongKey>
      <DownloadURL>https://beatsaver.com/api/download/key/417d</DownloadURL>
      <Hash>f3b3d0b52273b07acca8dc33d30703b347de5c44</Hash>
      <LevelAuthorName>heisenbergirl</LevelAuthorName>
      <SongTitle>The Butts Remix &#8211; Home Free</SongTitle>
    </item>
    <item>
      <guid isPermaLink="false">78ecccecead8eb9fd7a7e889f83c4b2a</guid>
      <title>CuratorRecommended wrote a new post</title>
      <link>https://bsaber.com/?p=1124685</link>
      <pubDate>Wed, 27 Mar 2019 22:10:10 +0000</pubDate>


      <slash:comments>0</slash:comments>

      <SongKey>413b</SongKey>
      <DownloadURL>https://beatsaver.com/api/download/key/413b</DownloadURL>
      <Hash>164414d063e1728486f7996582a10250652940ec</Hash>
      <LevelAuthorName>bennydabeast</LevelAuthorName>
      <SongTitle>Girlfriend &#8211; Avril Lavigne</SongTitle>
    </item>
    <item>
      <guid isPermaLink="false">fe7ab4461020e13e4df8322eef9d52ee</guid>
      <title>uncurated wrote a new post</title>
      <link>https://bsaber.com/?p=1124651</link>
      <pubDate>Wed, 27 Mar 2019 18:42:01 +0000</pubDate>


      <slash:comments>0</slash:comments>

      <SongKey>4131</SongKey>
      <DownloadURL>https://beatsaver.com/api/download/key/4131</DownloadURL>
      <Hash>5e847d92de6e01dfd5ce3491969b3939b4374699</Hash>
      <LevelAuthorName>bennydabeast</LevelAuthorName>
      <SongTitle>Nevada feat. Cozi Zuehlsdorff &#8211; Vicetone</SongTitle>
    </item>
    <item>
      <guid isPermaLink="false">fd169186dcecf7fae88f536425480766</guid>
      <title>uncurated wrote a new post</title>
      <link>https://bsaber.com/?p=1144020</link>
      <pubDate>Wed, 27 Mar 2019 06:47:28 +0000</pubDate>


      <slash:comments>0</slash:comments>

      <SongKey>4114</SongKey>
      <DownloadURL>https://beatsaver.com/api/download/key/4114</DownloadURL>
      <Hash>d126df092d9c3f15a205e9ea803c73b0aa26252c</Hash>
      <LevelAuthorName>Joetastic</LevelAuthorName>
      <SongTitle>Hime Style &#8211; SakiZ</SongTitle>
    </item>
    <item>
      <guid isPermaLink="false">b2757ea274a2d20ff8679f0365be3462</guid>
      <title>uncurated wrote a new post</title>
      <link>https://bsaber.com/?p=1144023</link>
      <pubDate>Wed, 27 Mar 2019 06:47:21 +0000</pubDate>


      <slash:comments>0</slash:comments>

      <SongKey>4113</SongKey>
      <DownloadURL>https://beatsaver.com/api/download/key/4113</DownloadURL>
      <Hash>a9256821c5a1335c3a7228c98d2fdf5d0d4257f8</Hash>
      <LevelAuthorName>Joetastic</LevelAuthorName>
      <SongTitle>Steamed Hams but it&#8217;s sexy and stylish &#8211; Triple-Q</SongTitle>
    </item>
    <item>
      <guid isPermaLink="false">9c1ac70f8e256422d0dca0649d07603c</guid>
      <title>uncurated wrote a new post</title>
      <link>https://bsaber.com/?p=1144026</link>
      <pubDate>Wed, 27 Mar 2019 06:47:19 +0000</pubDate>


      <slash:comments>0</slash:comments>

      <SongKey>4112</SongKey>
      <DownloadURL>https://beatsaver.com/api/download/key/4112</DownloadURL>
      <Hash>9d444df2d18f3360c8246bb426c12babd58f9e0f</Hash>
      <LevelAuthorName>Joetastic</LevelAuthorName>
      <SongTitle>Super Gangnamario Sexty Four &#8211;  Triple-Q</SongTitle>
    </item>
    <item>
      <guid isPermaLink="false">e431b7dce89268c3cefd946236d28999</guid>
      <title>uncurated wrote a new post</title>
      <link>https://bsaber.com/?p=1144067</link>
      <pubDate>Tue, 26 Mar 2019 20:35:57 +0000</pubDate>


      <slash:comments>0</slash:comments>

      <SongKey>40fd</SongKey>
      <DownloadURL>https://beatsaver.com/api/download/key/40fd</DownloadURL>
      <Hash>5ad3a11c31c88608bfecf7d8b7ac8409f4ccd410</Hash>
      <LevelAuthorName>Joetastic</LevelAuthorName>
      <SongTitle>It&#8217;s Raining Men Remix &#8211; The Living Tombstone ft. Eilemonty</SongTitle>
    </item>
    <item>
      <guid isPermaLink="false">eca7925f4c4db60f8647e1e3ee8df607</guid>
      <title>uncurated wrote a new post</title>
      <link>https://bsaber.com/?p=1144105</link>
      <pubDate>Mon, 25 Mar 2019 23:39:37 +0000</pubDate>


      <slash:comments>0</slash:comments>

      <SongKey>40b6</SongKey>
      <DownloadURL>https://beatsaver.com/api/download/key/40b6</DownloadURL>
      <Hash>f1856b19685a75b1e52992743aa6020e794fd242</Hash>
      <LevelAuthorName>heisenbergirl</LevelAuthorName>
      <SongTitle>Brothers In Arms &#8211; Junkie XL &#8211; Mad Max Fury Road Soundtrack</SongTitle>
    </item>
    <item>
      <guid isPermaLink="false">40f9014e2001bb14cc212036e5b30bb0</guid>
      <title>uncurated wrote a new post</title>
      <link>https://bsaber.com/?p=1144111</link>
      <pubDate>Mon, 25 Mar 2019 21:57:52 +0000</pubDate>


      <slash:comments>0</slash:comments>

      <SongKey>40b2</SongKey>
      <DownloadURL>https://beatsaver.com/api/download/key/40b2</DownloadURL>
      <Hash>84ac2667162920902490fb1a572ed4cf5ad50a1f</Hash>
      <LevelAuthorName>bennydabeast</LevelAuthorName>
      <SongTitle>Alone feat. Kyle Reynolds &#8211; Asketa &amp; Natan Chaim</SongTitle>
    </item>
    <item>
      <guid isPermaLink="false">382674061d6f8c8613c121d858bae548</guid>
      <title>uncurated wrote a new post</title>
      <link>https://bsaber.com/?p=1118551</link>
      <pubDate>Mon, 25 Mar 2019 21:22:42 +0000</pubDate>


      <slash:comments>0</slash:comments>

      <SongKey>425c</SongKey>
      <DownloadURL>https://beatsaver.com/api/download/key/425c</DownloadURL>
      <Hash>74d074a7eb088c70c86d3d0eb3b5d63666d2c8b0</Hash>
      <LevelAuthorName>bennydabeast</LevelAuthorName>
      <SongTitle>Heart Afire (feat. Strix) &#8211; Defqwop</SongTitle>
    </item>
    <item>
      <guid isPermaLink="false">d26418746bb117d324e5b5d6c2edb342</guid>
      <title>uncurated wrote a new post</title>
      <link>https://bsaber.com/?p=1144146</link>
      <pubDate>Mon, 25 Mar 2019 15:06:14 +0000</pubDate>


      <slash:comments>0</slash:comments>

      <SongKey>409c</SongKey>
      <DownloadURL>https://beatsaver.com/api/download/key/409c</DownloadURL>
      <Hash>45511701d2d643984eb6e9637889b335a7b26854</Hash>
      <LevelAuthorName>Joetastic</LevelAuthorName>
      <SongTitle>Double Rainbow [BanG Dream! Soundtrack] &#8211; Poppin Party</SongTitle>
    </item>
    <item>
      <guid isPermaLink="false">9bc80a73c88d2934e14b22af756f4597</guid>
      <title>uncurated wrote a new post</title>
      <link>https://bsaber.com/?p=1117668</link>
      <pubDate>Sun, 24 Mar 2019 18:32:19 +0000</pubDate>


      <slash:comments>0</slash:comments>

      <SongKey>406f</SongKey>
      <DownloadURL>https://beatsaver.com/api/download/key/406f</DownloadURL>
      <Hash>72655f8bdec5a9ae28bde0e576ac936763c2f82e</Hash>
      <LevelAuthorName>stumi</LevelAuthorName>
      <SongTitle>Nural &#8211; Stop Me When You&#8217;ve Had Enough</SongTitle>
    </item>
    <item>
      <guid isPermaLink="false">86eb4fd00a8ae55bc138c2f52c0f6490</guid>
      <title>uncurated wrote a new post</title>
      <link>https://bsaber.com/?p=1144203</link>
      <pubDate>Sun, 24 Mar 2019 07:54:35 +0000</pubDate>


      <slash:comments>0</slash:comments>

      <SongKey>4046</SongKey>
      <DownloadURL>https://beatsaver.com/api/download/key/4046</DownloadURL>
      <Hash>00ae172c380d4b3f96152879f144e27f523bcd6c</Hash>
      <LevelAuthorName>JackoDEJ</LevelAuthorName>
      <SongTitle>Pandora</SongTitle>
    </item>
    <item>
      <guid isPermaLink="false">4930f85e83e62e2ac11064dff8700f46</guid>
      <title>uncurated wrote a new post</title>
      <link>https://bsaber.com/?p=1144238</link>
      <pubDate>Sun, 24 Mar 2019 01:53:16 +0000</pubDate>


      <slash:comments>0</slash:comments>

      <SongKey>4032</SongKey>
      <DownloadURL>https://beatsaver.com/api/download/key/4032</DownloadURL>
      <Hash>dea2e443aa08a96ed22f79c86ea1e5dc930e9154</Hash>
      <LevelAuthorName>hexagonial</LevelAuthorName>
      <SongTitle>(V2) Minazuki Airi with Atsushi &#8211; Daisuki, Evolution</SongTitle>
    </item>
    <item>
      <guid isPermaLink="false">84cc05292c8b57b5c4e282481805ff7b</guid>
      <title>uncurated wrote a new post</title>
      <link>https://bsaber.com/?p=1144307</link>
      <pubDate>Sat, 23 Mar 2019 10:46:03 +0000</pubDate>


      <slash:comments>0</slash:comments>

      <SongKey>400c</SongKey>
      <DownloadURL>https://beatsaver.com/api/download/key/400c</DownloadURL>
      <Hash>11df2daf355f553d72ce3a92e0bd2c708f9758f9</Hash>
      <LevelAuthorName>Joetastic</LevelAuthorName>
      <SongTitle>Chasing The Sun &#8211; The Wanted</SongTitle>
    </item>
    <item>
      <guid isPermaLink="false">56ca1ca81b365a7b57e1a12d2afbdbbc</guid>
      <title>uncurated wrote a new post</title>
      <link>https://bsaber.com/?p=1117412</link>
      <pubDate>Sat, 23 Mar 2019 04:26:59 +0000</pubDate>


      <slash:comments>0</slash:comments>

      <SongKey>3ffa</SongKey>
      <DownloadURL>https://beatsaver.com/api/download/key/3ffa</DownloadURL>
      <Hash>c066513fe90c0e714b49c26598d99849dc6f7edc</Hash>
      <LevelAuthorName>Nuketime</LevelAuthorName>
      <SongTitle>Cross Fire &#8211; Hommarju vs RoughSketch</SongTitle>
    </item>
    <item>
      <guid isPermaLink="false">ffc6058c0502d95f93cd2571ccc1aa3e</guid>
      <title>uncurated wrote a new post</title>
      <link>https://bsaber.com/?p=1117416</link>
      <pubDate>Sat, 23 Mar 2019 04:26:01 +0000</pubDate>


      <slash:comments>0</slash:comments>

      <SongKey>3ff8</SongKey>
      <DownloadURL>https://beatsaver.com/api/download/key/3ff8</DownloadURL>
      <Hash>881567709b950c6c2ca2dec7a27da644761e4d18</Hash>
      <LevelAuthorName>Nuketime</LevelAuthorName>
      <SongTitle>Bangin&#8217; Burst &#8211; Camellia</SongTitle>
    </item>
    <item>
      <guid isPermaLink="false">e8cc400e181ae62c5d9128912cfb0fbd</guid>
      <title>uncurated wrote a new post</title>
      <link>https://bsaber.com/?p=1144367</link>
      <pubDate>Fri, 22 Mar 2019 09:31:54 +0000</pubDate>


      <slash:comments>0</slash:comments>

      <SongKey>3fbf</SongKey>
      <DownloadURL>https://beatsaver.com/api/download/key/3fbf</DownloadURL>
      <Hash>572968313cc4a99b4c2721ee613bcea5527b0355</Hash>
      <LevelAuthorName>Joetastic</LevelAuthorName>
      <SongTitle>Girlfriend &#8211; Avril Lavigne</SongTitle>
    </item>
    <item>
      <guid isPermaLink="false">e68db4208f56ccfb047b3482684acce9</guid>
      <title>uncurated wrote a new post</title>
      <link>https://bsaber.com/?p=1144376</link>
      <pubDate>Fri, 22 Mar 2019 03:57:21 +0000</pubDate>


      <slash:comments>0</slash:comments>

      <SongKey>3fb7</SongKey>
      <DownloadURL>https://beatsaver.com/api/download/key/3fb7</DownloadURL>
      <Hash>8552ae36182f98413c276896e5ab705ce93d58da</Hash>
      <LevelAuthorName>Joetastic</LevelAuthorName>
      <SongTitle>ADAMAS [Sword Art Online: Alicization Opening] &#8211; LiSa</SongTitle>
    </item>
    <item>
      <guid isPermaLink="false">17055d99d363a42ade83ec539a76da1d</guid>
      <title>uncurated wrote a new post</title>
      <link>https://bsaber.com/?p=1144394</link>
      <pubDate>Thu, 21 Mar 2019 23:33:23 +0000</pubDate>


      <slash:comments>0</slash:comments>

      <SongKey>3f9d</SongKey>
      <DownloadURL>https://beatsaver.com/api/download/key/3f9d</DownloadURL>
      <Hash>d44e729457a0de0158051c94d04e590204ccb4bf</Hash>
      <LevelAuthorName>Rexxz</LevelAuthorName>
      <SongTitle>Whereabouts of the Heart &#8211; Pure Furies [RichaadEB Cover]</SongTitle>
    </item>
    <item>
      <guid isPermaLink="false">3f82a0373b9ede39b1c8b0a60be62c91</guid>
      <title>uncurated wrote a new post</title>
      <link>https://bsaber.com/?p=1117136</link>
      <pubDate>Thu, 21 Mar 2019 19:20:21 +0000</pubDate>


      <slash:comments>0</slash:comments>

      <SongKey>3f8b</SongKey>
      <DownloadURL>https://beatsaver.com/api/download/key/3f8b</DownloadURL>
      <Hash>b5483e3f38df32d233700b49a0bdbf72ba1650cc</Hash>
      <LevelAuthorName>bennydabeast</LevelAuthorName>
      <SongTitle>High Enough ft. Rosie Darling (Baaku Remix) &#8211; Justin Caruso</SongTitle>
    </item>
    <item>
      <guid isPermaLink="false">7a7c7baf9d7fe9fba7282871304ddc7f</guid>
      <title>uncurated wrote a new post</title>
      <link>https://bsaber.com/?p=1144429</link>
      <pubDate>Wed, 20 Mar 2019 21:26:47 +0000</pubDate>


      <slash:comments>0</slash:comments>

      <SongKey>3f43</SongKey>
      <DownloadURL>https://beatsaver.com/api/download/key/3f43</DownloadURL>
      <Hash>24b5b51e59e79029b51b9a9f5632c05a3ab365ff</Hash>
      <LevelAuthorName>DarkGrisen</LevelAuthorName>
      <SongTitle>6 Lane Dive</SongTitle>
    </item>
    <item>
      <guid isPermaLink="false">44177c7a4decd22735e73f406f4e4ebd</guid>
      <title>uncurated wrote a new post</title>
      <link>https://bsaber.com/?p=1144447</link>
      <pubDate>Wed, 20 Mar 2019 18:01:26 +0000</pubDate>


      <slash:comments>0</slash:comments>

      <SongKey>3f38</SongKey>
      <DownloadURL>https://beatsaver.com/api/download/key/3f38</DownloadURL>
      <Hash>1078f8128effc0b79f19adf2b7aeed613afabac6</Hash>
      <LevelAuthorName>Joetastic</LevelAuthorName>
      <SongTitle>Sk8er Boi &#8211; Avril Lavigne</SongTitle>
    </item>
    <item>
      <guid isPermaLink="false">70f09229acba6d099def72e008383d78</guid>
      <title>uncurated wrote a new post</title>
      <link>https://bsaber.com/?p=1116938</link>
      <pubDate>Wed, 20 Mar 2019 09:06:36 +0000</pubDate>


      <slash:comments>0</slash:comments>

      <SongKey>3f1f</SongKey>
      <DownloadURL>https://beatsaver.com/api/download/key/3f1f</DownloadURL>
      <Hash>f645505b5522e006848608b461268362ac58741a</Hash>
      <LevelAuthorName>Joetastic</LevelAuthorName>
      <SongTitle>Dragon Night [BanG Dream! Soundtrack] &#8211; Hello, Happy World!</SongTitle>
    </item>
    <item>
      <guid isPermaLink="false">5f182efc373f0b5f67f6be52237e6e76</guid>
      <title>uncurated wrote a new post</title>
      <link>https://bsaber.com/?p=1116933</link>
      <pubDate>Wed, 20 Mar 2019 07:05:28 +0000</pubDate>


      <slash:comments>0</slash:comments>

      <SongKey>3f1b</SongKey>
      <DownloadURL>https://beatsaver.com/api/download/key/3f1b</DownloadURL>
      <Hash>5c87c7c9e5a025d0f9914c1fa76369fe3628d7e9</Hash>
      <LevelAuthorName>JackoDEJ</LevelAuthorName>
      <SongTitle>Color &#8211; synergy 2015</SongTitle>
    </item>
    <item>
      <guid isPermaLink="false">9cb7e8251ed05c10cbab3d09bf371475</guid>
      <title>uncurated wrote a new post</title>
      <link>https://bsaber.com/?p=1116913</link>
      <pubDate>Wed, 20 Mar 2019 02:20:50 +0000</pubDate>


      <slash:comments>0</slash:comments>

      <SongKey>3f0b</SongKey>
      <DownloadURL>https://beatsaver.com/api/download/key/3f0b</DownloadURL>
      <Hash>d12b3b7426ad96d6d2262d369fd66f46df9a0026</Hash>
      <LevelAuthorName>blackblazon</LevelAuthorName>
      <SongTitle>Secret of Binny</SongTitle>
    </item>
    <item>
      <guid isPermaLink="false">43a6707600a23f5f62f954976e7e96a9</guid>
      <title>uncurated wrote a new post</title>
      <link>https://bsaber.com/?p=1116856</link>
      <pubDate>Tue, 19 Mar 2019 18:59:52 +0000</pubDate>


      <slash:comments>0</slash:comments>

      <SongKey>3eed</SongKey>
      <DownloadURL>https://beatsaver.com/api/download/key/3eed</DownloadURL>
      <Hash>48ab6defe343a23b5a216f215ec8333ec7f91abc</Hash>
      <LevelAuthorName>Joetastic</LevelAuthorName>
      <SongTitle>Determination Symphony [BanG Dream! Soundtrack] &#8211; Roselia</SongTitle>
    </item>
    <item>
      <guid isPermaLink="false">73b7c6e7914fbd761f08889a5777d57a</guid>
      <title>uncurated wrote a new post</title>
      <link>https://bsaber.com/?p=1144531</link>
      <pubDate>Mon, 18 Mar 2019 21:27:07 +0000</pubDate>


      <slash:comments>0</slash:comments>

      <SongKey>3ec3</SongKey>
      <DownloadURL>https://beatsaver.com/api/download/key/3ec3</DownloadURL>
      <Hash>e572bc08e720ea6ed84e7b4b0ba56bca9dbb3acc</Hash>
      <LevelAuthorName>JackoDEJ</LevelAuthorName>
      <SongTitle>Painted White</SongTitle>
    </item>
    <item>
      <guid isPermaLink="false">3764754c4d337945bf60204df409c0b9</guid>
      <title>uncurated wrote a new post</title>
      <link>https://bsaber.com/?p=1144534</link>
      <pubDate>Mon, 18 Mar 2019 21:21:28 +0000</pubDate>


      <slash:comments>0</slash:comments>

      <SongKey>3ec2</SongKey>
      <DownloadURL>https://beatsaver.com/api/download/key/3ec2</DownloadURL>
      <Hash>3f0f7be09221c9188a9dc5466588233f6eab3f92</Hash>
      <LevelAuthorName>DarkGrisen</LevelAuthorName>
      <SongTitle>First Date</SongTitle>
    </item>

  </channel>
</rss>