﻿<?xml version="1.0" encoding="UTF-8"?>
<rss version="2.0"
	xmlns:content="http://purl.org/rss/1.0/modules/content/"
	xmlns:atom="http://www.w3.org/2005/Atom"
	xmlns:sy="http://purl.org/rss/1.0/modules/syndication/"
	xmlns:slash="http://purl.org/rss/1.0/modules/slash/"
	>

  <channel>
    <title>BeastSaber | Zingabopp | Following Activity</title>
    <link>https://bsaber.com/members/zingabopp/wall/followings/</link>
    <atom:link href="https://bsaber.com/members/zingabopp/wall/followings/feed/?acpage=7" rel="self" type="application/rss+xml" />
    <description>Activity feed for people that Zingabopp is following.</description>
    <lastBuildDate>Mon, 22 Jul 2019 04:02:42 +0000</lastBuildDate>
    <generator>https://buddypress.org/?v=4.3.0</generator>
    <language>en-US</language>
    <ttl>30</ttl>
    <sy:updatePeriod>hourly</sy:updatePeriod>
    <sy:updateFrequency>2</sy:updateFrequency>

    <item>
      <guid isPermaLink="false">55dce5ce70e791376d50561bb7a3abce</guid>
      <title>uncurated wrote a new post</title>
      <link>https://bsaber.com/?p=1144549</link>
      <pubDate>Mon, 18 Mar 2019 17:54:35 +0000</pubDate>


      <slash:comments>0</slash:comments>

      <SongKey>3eba</SongKey>
      <DownloadURL>https://beatsaver.com/api/download/key/3eba</DownloadURL>
      <Hash>587296af06ff9593cf0d1e325eb5c85e59ace45b</Hash>
      <LevelAuthorName>Joetastic</LevelAuthorName>
      <SongTitle>Sugar Song to Bitter Step [BanG Dream! Soundtrack] &#8211; Hello, Happy World!</SongTitle>
    </item>
    <item>
      <guid isPermaLink="false">2c40bcc22c7158400a619b8185ca52db</guid>
      <title>uncurated wrote a new post</title>
      <link>https://bsaber.com/?p=1104628</link>
      <pubDate>Mon, 18 Mar 2019 00:58:01 +0000</pubDate>


      <slash:comments>0</slash:comments>

      <SongKey>3e99</SongKey>
      <DownloadURL>https://beatsaver.com/api/download/key/3e99</DownloadURL>
      <Hash>722ee138926645ae8f7d678cc90b2decd8864595</Hash>
      <LevelAuthorName>heisenbergirl</LevelAuthorName>
      <SongTitle>Feuer frei &#8211; Rammstein</SongTitle>
    </item>
    <item>
      <guid isPermaLink="false">73d3e6c5694adc5e4243ab31d990f403</guid>
      <title>CuratorRecommended wrote a new post</title>
      <link>https://bsaber.com/?p=1104591</link>
      <pubDate>Sun, 17 Mar 2019 16:53:07 +0000</pubDate>


      <slash:comments>0</slash:comments>

      <SongKey>3e80</SongKey>
      <DownloadURL>https://beatsaver.com/api/download/key/3e80</DownloadURL>
      <Hash>bb0da926f37b9d7aff1f75d50635d921c630bc42</Hash>
      <LevelAuthorName>DarkGrisen</LevelAuthorName>
      <SongTitle>Eating Food In The Shower</SongTitle>
    </item>
    <item>
      <guid isPermaLink="false">7dbf9126d9dd8620a0de6fe8a4943d00</guid>
      <title>uncurated wrote a new post</title>
      <link>https://bsaber.com/?p=1144555</link>
      <pubDate>Sun, 17 Mar 2019 13:59:05 +0000</pubDate>


      <slash:comments>0</slash:comments>

      <SongKey>3e7a</SongKey>
      <DownloadURL>https://beatsaver.com/api/download/key/3e7a</DownloadURL>
      <Hash>3ee969b81541a6847eba5e7ed2c9e29ec28b26cc</Hash>
      <LevelAuthorName>Joetastic</LevelAuthorName>
      <SongTitle>Neo-Aspect [BanG Dream! Soundtrack] &#8211; Roselia</SongTitle>
    </item>
    <item>
      <guid isPermaLink="false">9a162ef3c0527e21b796175562537705</guid>
      <title>uncurated wrote a new post</title>
      <link>https://bsaber.com/?p=1144558</link>
      <pubDate>Sun, 17 Mar 2019 07:22:25 +0000</pubDate>


      <slash:comments>0</slash:comments>

      <SongKey>3e6d</SongKey>
      <DownloadURL>https://beatsaver.com/api/download/key/3e6d</DownloadURL>
      <Hash>5d5ad24f6725abc4105491c86ae215050557c8d0</Hash>
      <LevelAuthorName>KuritsaDBS</LevelAuthorName>
      <SongTitle>No Sleep &#8211; Bossfight</SongTitle>
    </item>
    <item>
      <guid isPermaLink="false">0dc275949ca6afc46bde83ace6ba89b7</guid>
      <title>uncurated wrote a new post</title>
      <link>https://bsaber.com/?p=1144564</link>
      <pubDate>Sun, 17 Mar 2019 06:08:33 +0000</pubDate>


      <slash:comments>0</slash:comments>

      <SongKey>3e6a</SongKey>
      <DownloadURL>https://beatsaver.com/api/download/key/3e6a</DownloadURL>
      <Hash>7450d348fb2c757c0f4edcd9df086dd65fe8503e</Hash>
      <LevelAuthorName>JackoDEJ</LevelAuthorName>
      <SongTitle>Best of MrSuicideSheep</SongTitle>
    </item>
    <item>
      <guid isPermaLink="false">c0ccf8ebbd0a2194c20c870a8aad3d89</guid>
      <title>uncurated wrote a new post</title>
      <link>https://bsaber.com/?p=1104487</link>
      <pubDate>Sat, 16 Mar 2019 22:52:21 +0000</pubDate>


      <slash:comments>0</slash:comments>

      <SongKey>3e4d</SongKey>
      <DownloadURL>https://beatsaver.com/api/download/key/3e4d</DownloadURL>
      <Hash>8e5b6eadc3f0da636937c47586f158b955cbef29</Hash>
      <LevelAuthorName>DarkGrisen</LevelAuthorName>
      <SongTitle>Danny Dont You Know V2</SongTitle>
    </item>
    <item>
      <guid isPermaLink="false">001a02ecb332db70770e35e16f7ceb4a</guid>
      <title>uncurated wrote a new post</title>
      <link>https://bsaber.com/?p=1104450</link>
      <pubDate>Sat, 16 Mar 2019 18:51:05 +0000</pubDate>


      <slash:comments>1</slash:comments>

      <SongKey>3e3c</SongKey>
      <DownloadURL>https://beatsaver.com/api/download/key/3e3c</DownloadURL>
      <Hash>faaf456bb562bc5e0ccfc484f5e3f00bbdf76bd3</Hash>
      <LevelAuthorName>Joetastic</LevelAuthorName>
      <SongTitle>Hey, Soul Sister &#8211; Train</SongTitle>
    </item>
    <item>
      <guid isPermaLink="false">49fd4852c0eb655e21b5f350b012d7bd</guid>
      <title>uncurated wrote a new post</title>
      <link>https://bsaber.com/?p=1104383</link>
      <pubDate>Sat, 16 Mar 2019 06:27:22 +0000</pubDate>


      <slash:comments>0</slash:comments>

      <SongKey>3e2f</SongKey>
      <DownloadURL>https://beatsaver.com/api/download/key/3e2f</DownloadURL>
      <Hash>35103477424d9c0379d0a1b44203e7625317fbd6</Hash>
      <LevelAuthorName>bomb</LevelAuthorName>
      <SongTitle>Nine Inch Nails &#8211; Survivalism</SongTitle>
    </item>
    <item>
      <guid isPermaLink="false">dd80768020c4badd73e29b2257929160</guid>
      <title>uncurated wrote a new post</title>
      <link>https://bsaber.com/?p=1104366</link>
      <pubDate>Sat, 16 Mar 2019 01:58:16 +0000</pubDate>


      <slash:comments>0</slash:comments>

      <SongKey>3e27</SongKey>
      <DownloadURL>https://beatsaver.com/api/download/key/3e27</DownloadURL>
      <Hash>85979cb6c4289df5db64ca2bf1a564ca265f430a</Hash>
      <LevelAuthorName>blackblazon</LevelAuthorName>
      <SongTitle>Noisestorm &#8211; Barracuda</SongTitle>
    </item>
    <item>
      <guid isPermaLink="false">cf44667bfa9fd3a82becd5b71f44c9f2</guid>
      <title>uncurated wrote a new post</title>
      <link>https://bsaber.com/?p=1104362</link>
      <pubDate>Sat, 16 Mar 2019 00:34:26 +0000</pubDate>


      <slash:comments>0</slash:comments>

      <SongKey>3e26</SongKey>
      <DownloadURL>https://beatsaver.com/api/download/key/3e26</DownloadURL>
      <Hash>f7d41d97bc383f8e5f08c76156c99984a69bb65b</Hash>
      <LevelAuthorName>ConnorJC</LevelAuthorName>
      <SongTitle>Gun n&#8217; Bass &#8211; Boom Kitty</SongTitle>
    </item>
    <item>
      <guid isPermaLink="false">81ac03f71070262f0c69bbf2f5cbadd0</guid>
      <title>uncurated wrote a new post</title>
      <link>https://bsaber.com/?p=1144570</link>
      <pubDate>Fri, 15 Mar 2019 10:21:07 +0000</pubDate>


      <slash:comments>0</slash:comments>

      <SongKey>3e13</SongKey>
      <DownloadURL>https://beatsaver.com/api/download/key/3e13</DownloadURL>
      <Hash>78330d2b83fc8f4cb4cd25243957b498cbda6c39</Hash>
      <LevelAuthorName>Joetastic</LevelAuthorName>
      <SongTitle>False Alarm &#8211; The Weeknd</SongTitle>
    </item>
    <item>
      <guid isPermaLink="false">5e07fb771f2737056f274e0764121299</guid>
      <title>uncurated wrote a new post</title>
      <link>https://bsaber.com/?p=1104250</link>
      <pubDate>Thu, 14 Mar 2019 20:56:03 +0000</pubDate>

      <content:encoded>
        <![CDATA[<div class="activity-inner">Mapper: NuketimeDifficulties: EasyDownloadA friend made me do it</div>
]]>
      </content:encoded>

      <slash:comments>0</slash:comments>

      <SongKey>3dfa</SongKey>
      <DownloadURL>https://beatsaver.com/api/download/key/3dfa</DownloadURL>
      <Hash>65084bb725ea11a5d6ce070204d6ad7ee664ffde</Hash>
      <LevelAuthorName>Nuketime</LevelAuthorName>
      <SongTitle>Have you ever turnt a dream</SongTitle>
    </item>
    <item>
      <guid isPermaLink="false">7aff042cbfa6cb9f9620b43eeb42ac47</guid>
      <title>uncurated wrote a new post</title>
      <link>https://bsaber.com/?p=1104252</link>
      <pubDate>Thu, 14 Mar 2019 20:55:37 +0000</pubDate>

      <content:encoded>
        <![CDATA[<div class="activity-inner">Mapper: NuketimeDifficulties: ExpertPlusDownloadDont @ me 0_0</div>
]]>
      </content:encoded>

      <slash:comments>0</slash:comments>

      <SongKey>3df9</SongKey>
      <DownloadURL>https://beatsaver.com/api/download/key/3df9</DownloadURL>
      <Hash>b7659aca00eb6d09dfbaf2f9c11be72f16c9c764</Hash>
      <LevelAuthorName>Nuketime</LevelAuthorName>
      <SongTitle>Speed Test &#8211; ExileLord</SongTitle>
    </item>
    <item>
      <guid isPermaLink="false">6a37feedaedf95280f6cf9dfd995b285</guid>
      <title>uncurated wrote a new post</title>
      <link>https://bsaber.com/?p=1104122</link>
      <pubDate>Wed, 13 Mar 2019 17:58:54 +0000</pubDate>

      <content:encoded>
        <![CDATA[<div class="activity-inner">Mapper: NuketimeDifficulties: ExpertPlusDownloadProps out to Kry, for inspiring this map in the first place. There are some patterns in there from the original but with a twist. its only 2 minutes so be ready for chaos.</div>
]]>
      </content:encoded>

      <slash:comments>0</slash:comments>

      <SongKey>3dc9</SongKey>
      <DownloadURL>https://beatsaver.com/api/download/key/3dc9</DownloadURL>
      <Hash>11f65def307221a19ea715050b857a9f61c23b42</Hash>
      <LevelAuthorName>Nuketime</LevelAuthorName>
      <SongTitle>C18H27NO3 (Short Version) &#8211; Team Grimiore</SongTitle>
    </item>
    <item>
      <guid isPermaLink="false">d895c608f7f0d890d74444f822670bfd</guid>
      <title>uncurated wrote a new post</title>
      <link>https://bsaber.com/?p=1104112</link>
      <pubDate>Wed, 13 Mar 2019 16:56:55 +0000</pubDate>


      <slash:comments>0</slash:comments>

      <SongKey>3dc3</SongKey>
      <DownloadURL>https://beatsaver.com/api/download/key/3dc3</DownloadURL>
      <Hash>d848f18164471de0a3d314ae6f8d23c47c3ba58f</Hash>
      <LevelAuthorName>Joetastic</LevelAuthorName>
      <SongTitle>Sentimental Crisis (TV Size) [Kaguya-sama: Love Is War Ending] &#8211; Halca</SongTitle>
    </item>
    <item>
      <guid isPermaLink="false">73f402b1ab7a458282c88e464c635b80</guid>
      <title>uncurated wrote a new post</title>
      <link>https://bsaber.com/?p=1104104</link>
      <pubDate>Wed, 13 Mar 2019 15:43:40 +0000</pubDate>

      <content:encoded>
        <![CDATA[<div class="activity-inner">Mapper: hexagonialDifficulties: ExpertPlus, ExpertDownloadExpert+ is stream map<br />
Expert is 6 lane jump map</div>
]]>
      </content:encoded>

      <slash:comments>0</slash:comments>

      <SongKey>3dbf</SongKey>
      <DownloadURL>https://beatsaver.com/api/download/key/3dbf</DownloadURL>
      <Hash>18c330fdde8d5b05adb7efbf398c2414c684f6e8</Hash>
      <LevelAuthorName>hexagonial</LevelAuthorName>
      <SongTitle>[Stream/Jump Stamina Practice] Yuyoyuppe &#8211; AiAe</SongTitle>
    </item>
    <item>
      <guid isPermaLink="false">2941bcd5432c47d0e2f9d91c58c6fd1d</guid>
      <title>uncurated wrote a new post</title>
      <link>https://bsaber.com/?p=1104092</link>
      <pubDate>Wed, 13 Mar 2019 08:33:44 +0000</pubDate>


      <slash:comments>0</slash:comments>

      <SongKey>3dbb</SongKey>
      <DownloadURL>https://beatsaver.com/api/download/key/3dbb</DownloadURL>
      <Hash>5c9ec42e4868d3f4cd18c0c23ada5dbcc558d402</Hash>
      <LevelAuthorName>Joetastic</LevelAuthorName>
      <SongTitle>Love Dramatic [Kaguya-sama: Love Is War Opening] &#8211; Masayuki Suzuki ft. Rikka Ihara</SongTitle>
    </item>
    <item>
      <guid isPermaLink="false">3ba308300ccc3a2c853e232ea98018e8</guid>
      <title>uncurated wrote a new post</title>
      <link>https://bsaber.com/?p=1144594</link>
      <pubDate>Tue, 12 Mar 2019 16:35:25 +0000</pubDate>


      <slash:comments>0</slash:comments>

      <SongKey>3d97</SongKey>
      <DownloadURL>https://beatsaver.com/api/download/key/3d97</DownloadURL>
      <Hash>de5f4e5eb3ad39c4a314f610d44cf9cbbc955350</Hash>
      <LevelAuthorName>Joetastic</LevelAuthorName>
      <SongTitle>&#8211; HEROIC ADVENT &#8211; [BanG Dream! Soundtrack] &#8211; Roselia</SongTitle>
    </item>
    <item>
      <guid isPermaLink="false">72e096f8116d7c21517f7871e4d9d784</guid>
      <title>uncurated wrote a new post</title>
      <link>https://bsaber.com/?p=1144621</link>
      <pubDate>Mon, 11 Mar 2019 17:29:44 +0000</pubDate>


      <slash:comments>0</slash:comments>

      <SongKey>3d61</SongKey>
      <DownloadURL>https://beatsaver.com/api/download/key/3d61</DownloadURL>
      <Hash>8b918d038e0e6956a0624e565fe7eca8014a610c</Hash>
      <LevelAuthorName>Joetastic</LevelAuthorName>
      <SongTitle>Sekai Nobbinobi Treasure! [BanG Dream! Soundtrack] &#8211; Hello, Happy World!</SongTitle>
    </item>
    <item>
      <guid isPermaLink="false">1329530e4832b0817624d3380b43a67f</guid>
      <title>uncurated wrote a new post</title>
      <link>https://bsaber.com/?p=1076702</link>
      <pubDate>Sun, 10 Mar 2019 21:05:14 +0000</pubDate>


      <slash:comments>1</slash:comments>

      <SongKey>3d39</SongKey>
      <DownloadURL>https://beatsaver.com/api/download/key/3d39</DownloadURL>
      <Hash>107ae742a254f3201fdfaf963ab3644ab1dd806c</Hash>
      <LevelAuthorName>heisenbergirl</LevelAuthorName>
      <SongTitle>Breaking Bad Remix &#8211; MetroGnome</SongTitle>
    </item>
    <item>
      <guid isPermaLink="false">30a980b08e896c5a32fa78fbd498e1ef</guid>
      <title>uncurated wrote a new post</title>
      <link>https://bsaber.com/?p=1076690</link>
      <pubDate>Sun, 10 Mar 2019 19:31:37 +0000</pubDate>


      <slash:comments>0</slash:comments>

      <SongKey>3d88</SongKey>
      <DownloadURL>https://beatsaver.com/api/download/key/3d88</DownloadURL>
      <Hash>e7d2d4c2947a59be2491122e7aa5e0332ea98a73</Hash>
      <LevelAuthorName>JackoDEJ</LevelAuthorName>
      <SongTitle>iPhone Metrognome Remix</SongTitle>
    </item>
    <item>
      <guid isPermaLink="false">5ff517d3f5aeadd289703626d1227c84</guid>
      <title>uncurated wrote a new post</title>
      <link>https://bsaber.com/?p=1076649</link>
      <pubDate>Sun, 10 Mar 2019 16:00:52 +0000</pubDate>


      <slash:comments>0</slash:comments>

      <SongKey>3d28</SongKey>
      <DownloadURL>https://beatsaver.com/api/download/key/3d28</DownloadURL>
      <Hash>6a64f3f52fcfc3fef52ebf9872e39b01395f9e97</Hash>
      <LevelAuthorName>bomb</LevelAuthorName>
      <SongTitle>Trinity</SongTitle>
    </item>
    <item>
      <guid isPermaLink="false">cabc3ae19d4859e82ca9b668822b1ff0</guid>
      <title>uncurated wrote a new post</title>
      <link>https://bsaber.com/?p=1076640</link>
      <pubDate>Sun, 10 Mar 2019 15:02:38 +0000</pubDate>


      <slash:comments>0</slash:comments>

      <SongKey>3d24</SongKey>
      <DownloadURL>https://beatsaver.com/api/download/key/3d24</DownloadURL>
      <Hash>93f69b8c871b2077a80017b3e95c1a21304fcb0b</Hash>
      <LevelAuthorName>ruckus</LevelAuthorName>
      <SongTitle>Klayton &#8211; Tank Girl</SongTitle>
    </item>
    <item>
      <guid isPermaLink="false">47f0b08179069834636d45c4828f71fc</guid>
      <title>uncurated wrote a new post</title>
      <link>https://bsaber.com/?p=1076646</link>
      <pubDate>Sun, 10 Mar 2019 14:04:49 +0000</pubDate>

      <content:encoded>
        <![CDATA[<div class="activity-inner">Mapper: NuketimeDifficulties: ExpertPlusDownload <img src="https://bsaber.com/wp-content/uploads/2019/03/14469-15648.jpg" /></div>
]]>
      </content:encoded>

      <slash:comments>0</slash:comments>

      <SongKey>3d20</SongKey>
      <DownloadURL>https://beatsaver.com/api/download/key/3d20</DownloadURL>
      <Hash>e98d1e8731792dab4155274383bdb7e6cb686627</Hash>
      <LevelAuthorName>Nuketime</LevelAuthorName>
      <SongTitle>Fake &#8211; The Tech Thieves</SongTitle>
    </item>
    <item>
      <guid isPermaLink="false">fc96e678f1e449c6841d0ca239fa656e</guid>
      <title>uncurated wrote a new post</title>
      <link>https://bsaber.com/?p=1076571</link>
      <pubDate>Sun, 10 Mar 2019 08:42:00 +0000</pubDate>


      <slash:comments>0</slash:comments>

      <SongKey>3d13</SongKey>
      <DownloadURL>https://beatsaver.com/api/download/key/3d13</DownloadURL>
      <Hash>57270169891a97ae7e8ed0ba58e652e6adf68be8</Hash>
      <LevelAuthorName>blackblazon</LevelAuthorName>
      <SongTitle>Tonight &#8211; Sunset Neon</SongTitle>
    </item>
    <item>
      <guid isPermaLink="false">e0f9805b8de6bc1a28fc0d7b28119666</guid>
      <title>uncurated wrote a new post</title>
      <link>https://bsaber.com/?p=1144648</link>
      <pubDate>Sun, 10 Mar 2019 00:27:19 +0000</pubDate>


      <slash:comments>0</slash:comments>

      <SongKey>3cfd</SongKey>
      <DownloadURL>https://beatsaver.com/api/download/key/3cfd</DownloadURL>
      <Hash>5e12e76adf55de878a2fce2dc97a10bb1be76cd3</Hash>
      <LevelAuthorName>raynarch</LevelAuthorName>
      <SongTitle>F**k Off &#8211; The Lonely Island</SongTitle>
    </item>
    <item>
      <guid isPermaLink="false">22b9db66ea1f6f7eaad54d5350a03769</guid>
      <title>uncurated wrote a new post</title>
      <link>https://bsaber.com/?p=1144660</link>
      <pubDate>Sat, 09 Mar 2019 16:02:32 +0000</pubDate>


      <slash:comments>0</slash:comments>

      <SongKey>3ccb</SongKey>
      <DownloadURL>https://beatsaver.com/api/download/key/3ccb</DownloadURL>
      <Hash>08178325831df72e34ed3498f8210021738e98d4</Hash>
      <LevelAuthorName>Joetastic</LevelAuthorName>
      <SongTitle>Extra Magic Hour [BanG Dream! Soundtrack] &#8211; Hello, Happy World!</SongTitle>
    </item>
    <item>
      <guid isPermaLink="false">15defab695a8c1729ce6f19b15914493</guid>
      <title>uncurated wrote a new post</title>
      <link>https://bsaber.com/?p=1144663</link>
      <pubDate>Sat, 09 Mar 2019 14:21:52 +0000</pubDate>


      <slash:comments>0</slash:comments>

      <SongKey>3cca</SongKey>
      <DownloadURL>https://beatsaver.com/api/download/key/3cca</DownloadURL>
      <Hash>29e6fcdc5f156e26348918b4160e8873d2a2c3aa</Hash>
      <LevelAuthorName>heisenbergirl</LevelAuthorName>
      <SongTitle>Ragnarok &#8211; Hunter Vaughan</SongTitle>
    </item>
    <item>
      <guid isPermaLink="false">11ce7cfffcd564ca3a133dd2b80aef75</guid>
      <title>uncurated wrote a new post</title>
      <link>https://bsaber.com/?p=1144696</link>
      <pubDate>Fri, 08 Mar 2019 17:51:06 +0000</pubDate>


      <slash:comments>0</slash:comments>

      <SongKey>3c8d</SongKey>
      <DownloadURL>https://beatsaver.com/api/download/key/3c8d</DownloadURL>
      <Hash>ac3e2f014c61e3ebc8f60ed9863959f22ff7a3c7</Hash>
      <LevelAuthorName>Joetastic</LevelAuthorName>
      <SongTitle>Whistle &#8211; Flo Rida</SongTitle>
    </item>
    <item>
      <guid isPermaLink="false">e4a0b741678ff3ab25b5c189afe9bab4</guid>
      <title>uncurated wrote a new post</title>
      <link>https://bsaber.com/?p=1144708</link>
      <pubDate>Fri, 08 Mar 2019 15:05:53 +0000</pubDate>


      <slash:comments>0</slash:comments>

      <SongKey>3c86</SongKey>
      <DownloadURL>https://beatsaver.com/api/download/key/3c86</DownloadURL>
      <Hash>a326a6a393b8805096facfe06fe59e274787838a</Hash>
      <LevelAuthorName>downycat</LevelAuthorName>
      <SongTitle>The Anthem &#8211; Good Charlotte</SongTitle>
    </item>
    <item>
      <guid isPermaLink="false">d8b82c84427574d69dc8d66ff5ea3a5e</guid>
      <title>uncurated wrote a new post</title>
      <link>https://bsaber.com/?p=1144839</link>
      <pubDate>Wed, 06 Mar 2019 11:49:32 +0000</pubDate>


      <slash:comments>0</slash:comments>

      <SongKey>3c10</SongKey>
      <DownloadURL>https://beatsaver.com/api/download/key/3c10</DownloadURL>
      <Hash>e7ff277fbad063337af1e18bb273b0eb6fc03557</Hash>
      <LevelAuthorName>Joetastic</LevelAuthorName>
      <SongTitle>Sword Art Online Opening Compilation</SongTitle>
    </item>
    <item>
      <guid isPermaLink="false">d06dc2b89ff8e653e10c4044000a4ccd</guid>
      <title>uncurated wrote a new post</title>
      <link>https://bsaber.com/?p=1075966</link>
      <pubDate>Wed, 06 Mar 2019 02:37:38 +0000</pubDate>


      <slash:comments>0</slash:comments>

      <SongKey>3bf5</SongKey>
      <DownloadURL>https://beatsaver.com/api/download/key/3bf5</DownloadURL>
      <Hash>08d7b2f807097ac7e353219c8971291d04c86dee</Hash>
      <LevelAuthorName>hexagonial</LevelAuthorName>
      <SongTitle>Kobaryo &#8211; Theme for Psychopath Justice</SongTitle>
    </item>
    <item>
      <guid isPermaLink="false">f21c336ce349a9569fa179b6c4b4ffb1</guid>
      <title>uncurated wrote a new post</title>
      <link>https://bsaber.com/?p=1144876</link>
      <pubDate>Tue, 05 Mar 2019 14:05:34 +0000</pubDate>


      <slash:comments>0</slash:comments>

      <SongKey>3bc5</SongKey>
      <DownloadURL>https://beatsaver.com/api/download/key/3bc5</DownloadURL>
      <Hash>4f079ea4f4ebfff3c9ade41072db62f17702b6b9</Hash>
      <LevelAuthorName>Rexxz</LevelAuthorName>
      <SongTitle>Scream Out &#8211; Divide</SongTitle>
    </item>
    <item>
      <guid isPermaLink="false">276bd381a1718867f4fdeb2a70e6a0d4</guid>
      <title>uncurated wrote a new post</title>
      <link>https://bsaber.com/?p=1144891</link>
      <pubDate>Tue, 05 Mar 2019 08:30:01 +0000</pubDate>


      <slash:comments>0</slash:comments>

      <SongKey>3bbc</SongKey>
      <DownloadURL>https://beatsaver.com/api/download/key/3bbc</DownloadURL>
      <Hash>a288357044661d0bdd4729c99bd48f3af17907d0</Hash>
      <LevelAuthorName>Joetastic</LevelAuthorName>
      <SongTitle>Your Reality (Miraie Remix) [Doki Doki Literature Club Soundtrack] &#8211; Miraie</SongTitle>
    </item>
    <item>
      <guid isPermaLink="false">a0d26dbdd121b2fd6a1166e07a9590fa</guid>
      <title>uncurated wrote a new post</title>
      <link>https://bsaber.com/?p=1144912</link>
      <pubDate>Tue, 05 Mar 2019 03:52:33 +0000</pubDate>


      <slash:comments>0</slash:comments>

      <SongKey>3bb3</SongKey>
      <DownloadURL>https://beatsaver.com/api/download/key/3bb3</DownloadURL>
      <Hash>ee1777219e9d071181a4fbadbe1e0963e42aba43</Hash>
      <LevelAuthorName>fefeland</LevelAuthorName>
      <SongTitle>The Peggies &#8211; Kimi No Sei (TV-Size)</SongTitle>
    </item>
    <item>
      <guid isPermaLink="false">36b6828caf6ea4ee4ce5b7dd721fd029</guid>
      <title>uncurated wrote a new post</title>
      <link>https://bsaber.com/?p=1144914</link>
      <pubDate>Tue, 05 Mar 2019 03:50:44 +0000</pubDate>


      <slash:comments>0</slash:comments>

      <SongKey>3bb2</SongKey>
      <DownloadURL>https://beatsaver.com/api/download/key/3bb2</DownloadURL>
      <Hash>bb695f53797659a39fb3193cfa19ec1038a6011b</Hash>
      <LevelAuthorName>fefeland</LevelAuthorName>
      <SongTitle>The Peggies &#8211; Kimi No Sei</SongTitle>
    </item>
    <item>
      <guid isPermaLink="false">763d8986e24080512680521905adf672</guid>
      <title>uncurated wrote a new post</title>
      <link>https://bsaber.com/?p=1075423</link>
      <pubDate>Mon, 04 Mar 2019 19:13:56 +0000</pubDate>


      <slash:comments>0</slash:comments>

      <SongKey>3b8d</SongKey>
      <DownloadURL>https://beatsaver.com/api/download/key/3b8d</DownloadURL>
      <Hash>442b00d208a00b61fe25a9e644c734eebd4defbf</Hash>
      <LevelAuthorName>raynarch</LevelAuthorName>
      <SongTitle>Move Your Feet &#8211; Junior Senior [DDRMIX]</SongTitle>
    </item>
    <item>
      <guid isPermaLink="false">66b10aa2923eff9660700ffae21ab4bf</guid>
      <title>uncurated wrote a new post</title>
      <link>https://bsaber.com/?p=1075390</link>
      <pubDate>Mon, 04 Mar 2019 17:01:53 +0000</pubDate>


      <slash:comments>0</slash:comments>

      <SongKey>3b84</SongKey>
      <DownloadURL>https://beatsaver.com/api/download/key/3b84</DownloadURL>
      <Hash>7ac4d99cee16e8d0437d7e8feecdb12488cc27d3</Hash>
      <LevelAuthorName>Joetastic</LevelAuthorName>
      <SongTitle>Revenge [DJ Got Us Fallin In Love Minecraft Parody] &#8211; CaptainSparklez ft. TryHardNinja</SongTitle>
    </item>
    <item>
      <guid isPermaLink="false">db9c0e80ca0ef76f4cbadc228b936375</guid>
      <title>uncurated wrote a new post</title>
      <link>https://bsaber.com/?p=1075392</link>
      <pubDate>Mon, 04 Mar 2019 17:00:07 +0000</pubDate>


      <slash:comments>0</slash:comments>

      <SongKey>3b83</SongKey>
      <DownloadURL>https://beatsaver.com/api/download/key/3b83</DownloadURL>
      <Hash>c08f469e172bb8737fa2d4407c39e5f462d6acda</Hash>
      <LevelAuthorName>ruckus</LevelAuthorName>
      <SongTitle>Savant &#8211; Living iPod</SongTitle>
    </item>
    <item>
      <guid isPermaLink="false">ac2d35d086e5e2a32aa42248f5ee8259</guid>
      <title>uncurated wrote a new post</title>
      <link>https://bsaber.com/?p=1075394</link>
      <pubDate>Mon, 04 Mar 2019 16:58:43 +0000</pubDate>


      <slash:comments>0</slash:comments>

      <SongKey>3b82</SongKey>
      <DownloadURL>https://beatsaver.com/api/download/key/3b82</DownloadURL>
      <Hash>96b8df29da4271f56c6777f11e69cd06669055fe</Hash>
      <LevelAuthorName>Joetastic</LevelAuthorName>
      <SongTitle>DJ Got Us Fallin In Love &#8211; Usher ft. Pitbull</SongTitle>
    </item>
    <item>
      <guid isPermaLink="false">d64704e0fa6af518454afd2b13086e2e</guid>
      <title>uncurated wrote a new post</title>
      <link>https://bsaber.com/?p=1075361</link>
      <pubDate>Mon, 04 Mar 2019 14:35:03 +0000</pubDate>


      <slash:comments>0</slash:comments>

      <SongKey>3b7b</SongKey>
      <DownloadURL>https://beatsaver.com/api/download/key/3b7b</DownloadURL>
      <Hash>35543c7d6f0d1e5a3ad3b2c647a083f987300577</Hash>
      <LevelAuthorName>fafurion</LevelAuthorName>
      <SongTitle>Wobble &#8211; Crankdat &amp; Tisoki</SongTitle>
    </item>
    <item>
      <guid isPermaLink="false">4257af830af8b2fc4d9bc41ce8433c6c</guid>
      <title>uncurated wrote a new post</title>
      <link>https://bsaber.com/?p=1144980</link>
      <pubDate>Sun, 03 Mar 2019 22:32:55 +0000</pubDate>


      <slash:comments>0</slash:comments>

      <SongKey>3b4f</SongKey>
      <DownloadURL>https://beatsaver.com/api/download/key/3b4f</DownloadURL>
      <Hash>8985ea4342f648ed0f7830dfec8516681de81733</Hash>
      <LevelAuthorName>ruckus</LevelAuthorName>
      <SongTitle>Ruby My Dear &#8211; Mini Short</SongTitle>
    </item>
    <item>
      <guid isPermaLink="false">5850b3b87319b4af2fe80c67016d0f21</guid>
      <title>uncurated wrote a new post</title>
      <link>https://bsaber.com/?p=1144986</link>
      <pubDate>Sun, 03 Mar 2019 21:24:42 +0000</pubDate>


      <slash:comments>0</slash:comments>

      <SongKey>3b4c</SongKey>
      <DownloadURL>https://beatsaver.com/api/download/key/3b4c</DownloadURL>
      <Hash>25ca352ebc89c220c68e43028b18946278b11273</Hash>
      <LevelAuthorName>fafurion</LevelAuthorName>
      <SongTitle>Access &#8211; Martin Garrix</SongTitle>
    </item>
    <item>
      <guid isPermaLink="false">b82c24ccf6da7b89c6f39f772fdcada5</guid>
      <title>uncurated wrote a new post</title>
      <link>https://bsaber.com/?p=1145031</link>
      <pubDate>Sun, 03 Mar 2019 13:06:00 +0000</pubDate>


      <slash:comments>0</slash:comments>

      <SongKey>3b31</SongKey>
      <DownloadURL>https://beatsaver.com/api/download/key/3b31</DownloadURL>
      <Hash>46afff5698b59795c5e88f0b610b8321fb9b1791</Hash>
      <LevelAuthorName>stumi</LevelAuthorName>
      <SongTitle>Wolfgang Lohr ft. Maskarade &#8211; Hit the Road Jack (Electro Swing)</SongTitle>
    </item>
    <item>
      <guid isPermaLink="false">deefcbb5af369fb04686e2eab22f35d4</guid>
      <title>uncurated wrote a new post</title>
      <link>https://bsaber.com/?p=1075179</link>
      <pubDate>Sun, 03 Mar 2019 09:10:37 +0000</pubDate>


      <slash:comments>0</slash:comments>

      <SongKey>3b25</SongKey>
      <DownloadURL>https://beatsaver.com/api/download/key/3b25</DownloadURL>
      <Hash>0783d0cd49b105b8897ab82a285543a64352616a</Hash>
      <LevelAuthorName>Joetastic</LevelAuthorName>
      <SongTitle>TNT [Dynamite Minecraft Parody] &#8211; CaptainSparklez ft. TryHardNinja</SongTitle>
    </item>
    <item>
      <guid isPermaLink="false">99663124f7c43b50a3a6160b39b9c13f</guid>
      <title>uncurated wrote a new post</title>
      <link>https://bsaber.com/?p=1075175</link>
      <pubDate>Sun, 03 Mar 2019 08:07:25 +0000</pubDate>


      <slash:comments>0</slash:comments>

      <SongKey>3b22</SongKey>
      <DownloadURL>https://beatsaver.com/api/download/key/3b22</DownloadURL>
      <Hash>95208132ee31d0e1ec90440e6b3dc78cbd2fd5e7</Hash>
      <LevelAuthorName>Joetastic</LevelAuthorName>
      <SongTitle>Dynamite &#8211; Taio Cruz</SongTitle>
    </item>
    <item>
      <guid isPermaLink="false">ac50ef9bb6b9c1234665ee5cf543e7f1</guid>
      <title>uncurated wrote a new post</title>
      <link>https://bsaber.com/?p=1075061</link>
      <pubDate>Sat, 02 Mar 2019 17:41:39 +0000</pubDate>


      <slash:comments>0</slash:comments>

      <SongKey>3ae2</SongKey>
      <DownloadURL>https://beatsaver.com/api/download/key/3ae2</DownloadURL>
      <Hash>f0bef11ce8866052770c42ed855e5d21e935614c</Hash>
      <LevelAuthorName>downycat</LevelAuthorName>
      <SongTitle>I Don&#8217;t Wanna Be In Love (Dance Floor Anthem) &#8211; Good Charlotte</SongTitle>
    </item>
    <item>
      <guid isPermaLink="false">36dbe011b5be09cf9bb97ecee571c747</guid>
      <title>uncurated wrote a new post</title>
      <link>https://bsaber.com/?p=1074927</link>
      <pubDate>Fri, 01 Mar 2019 21:26:28 +0000</pubDate>


      <slash:comments>0</slash:comments>

      <SongKey>3a9b</SongKey>
      <DownloadURL>https://beatsaver.com/api/download/key/3a9b</DownloadURL>
      <Hash>63f2998edbce2d1ad31917e4f4d4f8d66348105d</Hash>
      <LevelAuthorName>ruckus</LevelAuthorName>
      <SongTitle>Sun Pluck</SongTitle>
    </item>
    <item>
      <guid isPermaLink="false">ed65ec86f0e5ddaaa0ceb632e41aa3f6</guid>
      <title>uncurated wrote a new post</title>
      <link>https://bsaber.com/?p=1074906</link>
      <pubDate>Fri, 01 Mar 2019 18:37:53 +0000</pubDate>


      <slash:comments>0</slash:comments>

      <SongKey>3a91</SongKey>
      <DownloadURL>https://beatsaver.com/api/download/key/3a91</DownloadURL>
      <Hash>71385893d4dc10167cc6c01239b46f51c998031e</Hash>
      <LevelAuthorName>ruckus</LevelAuthorName>
      <SongTitle>Todd Terje &#8211; Inspector Norse</SongTitle>
    </item>

  </channel>
</rss>