﻿<?xml version="1.0" encoding="UTF-8"?>
<rss version="2.0"
	xmlns:content="http://purl.org/rss/1.0/modules/content/"
	xmlns:atom="http://www.w3.org/2005/Atom"
	xmlns:sy="http://purl.org/rss/1.0/modules/syndication/"
	xmlns:slash="http://purl.org/rss/1.0/modules/slash/"
	>

  <channel>
    <title>BeastSaber | Zingabopp | Following Activity</title>
    <link>https://bsaber.com/members/zingabopp/wall/followings/</link>
    <atom:link href="https://bsaber.com/members/zingabopp/wall/followings/feed/?acpage=3" rel="self" type="application/rss+xml" />
    <description>Activity feed for people that Zingabopp is following.</description>
    <lastBuildDate>Mon, 22 Jul 2019 04:02:42 +0000</lastBuildDate>
    <generator>https://buddypress.org/?v=4.3.0</generator>
    <language>en-US</language>
    <ttl>30</ttl>
    <sy:updatePeriod>hourly</sy:updatePeriod>
    <sy:updateFrequency>2</sy:updateFrequency>

    <item>
      <guid isPermaLink="false">723e0dcc2e34a89e5864c252575b733a</guid>
      <title>uncurated wrote a new post</title>
      <link>https://bsaber.com/?p=1137395</link>
      <pubDate>Fri, 07 Jun 2019 20:59:54 +0000</pubDate>


      <slash:comments>0</slash:comments>

      <SongKey>521c</SongKey>
      <DownloadURL>https://beatsaver.com/api/download/key/521c</DownloadURL>
      <Hash>2c38699201ebd6d7c1ef3a7193dad9e2d73a9a64</Hash>
      <LevelAuthorName>heisenbergirl</LevelAuthorName>
      <SongTitle>Shockwave &#8211; Teminite</SongTitle>
    </item>
    <item>
      <guid isPermaLink="false">e8bfa63cb7001831a353ecfde3c0e08d</guid>
      <title>uncurated wrote a new post</title>
      <link>https://bsaber.com/?p=1137362</link>
      <pubDate>Fri, 07 Jun 2019 16:49:19 +0000</pubDate>


      <slash:comments>0</slash:comments>

      <SongKey>5210</SongKey>
      <DownloadURL>https://beatsaver.com/api/download/key/5210</DownloadURL>
      <Hash>1834732f96ce322226b3169ecb46c3e43a6ff59b</Hash>
      <LevelAuthorName>Joetastic</LevelAuthorName>
      <SongTitle>Soldier Dream [Saint Seiya Opening] &#8211; Raon Lee &amp; PelleK</SongTitle>
    </item>
    <item>
      <guid isPermaLink="false">9832736615f0096507e10302edd61efd</guid>
      <title>CuratorRecommended wrote a new post</title>
      <link>https://bsaber.com/?p=1137170</link>
      <pubDate>Thu, 06 Jun 2019 14:23:05 +0000</pubDate>


      <slash:comments>0</slash:comments>

      <SongKey>51c7</SongKey>
      <DownloadURL>https://beatsaver.com/api/download/key/51c7</DownloadURL>
      <Hash>b06d1de4b28637c9e6aa58c986492909023d9e1a</Hash>
      <LevelAuthorName>DarkGrisen</LevelAuthorName>
      <SongTitle>Answer the Call</SongTitle>
    </item>
    <item>
      <guid isPermaLink="false">a3b145a6530591c57a807c3558e9a367</guid>
      <title>CuratorRecommended wrote a new post</title>
      <link>https://bsaber.com/?p=1137141</link>
      <pubDate>Thu, 06 Jun 2019 06:53:57 +0000</pubDate>


      <slash:comments>0</slash:comments>

      <SongKey>51be</SongKey>
      <DownloadURL>https://beatsaver.com/api/download/key/51be</DownloadURL>
      <Hash>9c7e5ae537bb4871513330da180c6647cd8cffff</Hash>
      <LevelAuthorName>Joetastic</LevelAuthorName>
      <SongTitle>Prayer Of The Refugee &#8211; Rise Against</SongTitle>
    </item>
    <item>
      <guid isPermaLink="false">75902aeca5a54bfc159c0fde2546a960</guid>
      <title>uncurated wrote a new post</title>
      <link>https://bsaber.com/?p=1137020</link>
      <pubDate>Wed, 05 Jun 2019 16:57:14 +0000</pubDate>


      <slash:comments>0</slash:comments>

      <SongKey>5192</SongKey>
      <DownloadURL>https://beatsaver.com/api/download/key/5192</DownloadURL>
      <Hash>b98891479aba2f6f45725fbba1e9eaa516170bbf</Hash>
      <LevelAuthorName>ruckus</LevelAuthorName>
      <SongTitle>Kai Wachi x Sullivan King &#8211; Between the Lines</SongTitle>
    </item>
    <item>
      <guid isPermaLink="false">68a370d980021829284d4ca78baee708</guid>
      <title>uncurated wrote a new post</title>
      <link>https://bsaber.com/?p=1137011</link>
      <pubDate>Wed, 05 Jun 2019 16:37:51 +0000</pubDate>


      <slash:comments>0</slash:comments>

      <SongKey>5190</SongKey>
      <DownloadURL>https://beatsaver.com/api/download/key/5190</DownloadURL>
      <Hash>63b2b50e39cebf75d40683ba5b527640721f47d4</Hash>
      <LevelAuthorName>Nuketime</LevelAuthorName>
      <SongTitle>Cyaegha &#8211; USAO</SongTitle>
    </item>
    <item>
      <guid isPermaLink="false">073e4e4ec6cd276302e85998a99354eb</guid>
      <title>CuratorRecommended wrote a new post</title>
      <link>https://bsaber.com/?p=1136958</link>
      <pubDate>Wed, 05 Jun 2019 08:25:22 +0000</pubDate>


      <slash:comments>0</slash:comments>

      <SongKey>517c</SongKey>
      <DownloadURL>https://beatsaver.com/api/download/key/517c</DownloadURL>
      <Hash>b8569bf9cdc211cd05cb13222a5f92543c7f2950</Hash>
      <LevelAuthorName>Joetastic</LevelAuthorName>
      <SongTitle>Otomodachi Film [BanG Dream! Soundtrack] &#8211; Poppin Party</SongTitle>
    </item>
    <item>
      <guid isPermaLink="false">8406f17dc977b02ae597665e00422e7f</guid>
      <title>uncurated wrote a new post</title>
      <link>https://bsaber.com/?p=1136855</link>
      <pubDate>Tue, 04 Jun 2019 18:40:39 +0000</pubDate>


      <slash:comments>0</slash:comments>

      <SongKey>515e</SongKey>
      <DownloadURL>https://beatsaver.com/api/download/key/515e</DownloadURL>
      <Hash>d873327cd1c5a70f480d8e18217014f7c6cab911</Hash>
      <LevelAuthorName>Joetastic</LevelAuthorName>
      <SongTitle>Red Like Roses Parts 1 &amp; 2 Combined (RWBY: Volume 1 Soundtrack) &#8211; Jeff Williams ft. Casey Lee Williams</SongTitle>
    </item>
    <item>
      <guid isPermaLink="false">874b140d6c83c884ed936cd61469918f</guid>
      <title>uncurated wrote a new post</title>
      <link>https://bsaber.com/?p=1136776</link>
      <pubDate>Tue, 04 Jun 2019 12:06:40 +0000</pubDate>


      <slash:comments>0</slash:comments>

      <SongKey>5145</SongKey>
      <DownloadURL>https://beatsaver.com/api/download/key/5145</DownloadURL>
      <Hash>eefcf710d8d71caf86c8a2be47177bd41ec24d68</Hash>
      <LevelAuthorName>Joetastic</LevelAuthorName>
      <SongTitle>Harumodoki [BanG Dream! Soundtrack] &#8211; Pastel Palettes</SongTitle>
    </item>
    <item>
      <guid isPermaLink="false">d638f3d8001199f47ab3c2e1e32dfddd</guid>
      <title>CuratorRecommended wrote a new post</title>
      <link>https://bsaber.com/?p=1136720</link>
      <pubDate>Tue, 04 Jun 2019 05:01:45 +0000</pubDate>


      <slash:comments>0</slash:comments>

      <SongKey>5133</SongKey>
      <DownloadURL>https://beatsaver.com/api/download/key/5133</DownloadURL>
      <Hash>5a258d3a14ca128c4f35a6ce34a6656ac6b50032</Hash>
      <LevelAuthorName>JackoDEJ</LevelAuthorName>
      <SongTitle>Last Goodbye</SongTitle>
    </item>
    <item>
      <guid isPermaLink="false">364965840d11a078cd3a01ecacb043ce</guid>
      <title>uncurated wrote a new post</title>
      <link>https://bsaber.com/?p=1136588</link>
      <pubDate>Mon, 03 Jun 2019 11:46:31 +0000</pubDate>


      <slash:comments>0</slash:comments>

      <SongKey>5104</SongKey>
      <DownloadURL>https://beatsaver.com/api/download/key/5104</DownloadURL>
      <Hash>d10c50c27d539ebb63a81152b88ca9b62421a6b5</Hash>
      <LevelAuthorName>Joetastic</LevelAuthorName>
      <SongTitle>Wake up! [BanG Dream! Soundtrack] &#8211; Poppin Party</SongTitle>
    </item>
    <item>
      <guid isPermaLink="false">e6a7fe653e9207456e09668454a394c5</guid>
      <title>CuratorRecommended wrote a new post</title>
      <link>https://bsaber.com/?p=1136452</link>
      <pubDate>Sun, 02 Jun 2019 16:32:57 +0000</pubDate>


      <slash:comments>0</slash:comments>

      <SongKey>50cd</SongKey>
      <DownloadURL>https://beatsaver.com/api/download/key/50cd</DownloadURL>
      <Hash>9c1ba6f969c0f177b528d4733ddbaaba94c23f7a</Hash>
      <LevelAuthorName>Joetastic</LevelAuthorName>
      <SongTitle>Entropical [Splatoon 2 Soundtrack] &#8211; SashiMori</SongTitle>
    </item>
    <item>
      <guid isPermaLink="false">ee98229b3e3147207dff122b67a0f296</guid>
      <title>CuratorRecommended wrote a new post</title>
      <link>https://bsaber.com/?p=1136410</link>
      <pubDate>Sun, 02 Jun 2019 13:47:28 +0000</pubDate>


      <slash:comments>0</slash:comments>

      <SongKey>50bb</SongKey>
      <DownloadURL>https://beatsaver.com/api/download/key/50bb</DownloadURL>
      <Hash>e44aafbf5e1d29c85dcfeac9ff9e85d4e09a2b5d</Hash>
      <LevelAuthorName>ruckus</LevelAuthorName>
      <SongTitle>Fractal Dreamers &#8211; Celestial Horizon</SongTitle>
    </item>
    <item>
      <guid isPermaLink="false">5236fd14f0da2059a0203d6d09884706</guid>
      <title>uncurated wrote a new post</title>
      <link>https://bsaber.com/?p=1136350</link>
      <pubDate>Sun, 02 Jun 2019 06:49:28 +0000</pubDate>


      <slash:comments>0</slash:comments>

      <SongKey>50a2</SongKey>
      <DownloadURL>https://beatsaver.com/api/download/key/50a2</DownloadURL>
      <Hash>6a7fd66f9844d2c4b6edf3b05e458b82a413f185</Hash>
      <LevelAuthorName>Joetastic</LevelAuthorName>
      <SongTitle>LAY YOUR HANDS ON ME (Short Ver) [Kiznaiver Opening] &#8211; Boom Boom Satellites</SongTitle>
    </item>
    <item>
      <guid isPermaLink="false">3db4baddfead6dd177ddeb38758f1f2f</guid>
      <title>CuratorRecommended wrote a new post</title>
      <link>https://bsaber.com/?p=1136195</link>
      <pubDate>Sat, 01 Jun 2019 13:02:21 +0000</pubDate>


      <slash:comments>0</slash:comments>

      <SongKey>506a</SongKey>
      <DownloadURL>https://beatsaver.com/api/download/key/506a</DownloadURL>
      <Hash>f04b4677f9d5a7c1f83f724117ae5eb4d9181e27</Hash>
      <LevelAuthorName>Joetastic</LevelAuthorName>
      <SongTitle>DISCOTHEQUE [BanG Dream! Soundtrack] &#8211; Pastel Palettes</SongTitle>
    </item>
    <item>
      <guid isPermaLink="false">091b329b4ea59e7b860827340a38eedc</guid>
      <title>uncurated wrote a new post</title>
      <link>https://bsaber.com/?p=1136189</link>
      <pubDate>Sat, 01 Jun 2019 12:22:28 +0000</pubDate>


      <slash:comments>0</slash:comments>

      <SongKey>5068</SongKey>
      <DownloadURL>https://beatsaver.com/api/download/key/5068</DownloadURL>
      <Hash>fb1cd2c47872a6527f97c9b0d04b6bd4596e9e37</Hash>
      <LevelAuthorName>Nuketime</LevelAuthorName>
      <SongTitle>U GOT THAT &#8211; Halogen (Metal Cover) by Little V</SongTitle>
    </item>
    <item>
      <guid isPermaLink="false">59192f3d8f3346a3b2159b4c7f22d82c</guid>
      <title>CuratorRecommended wrote a new post</title>
      <link>https://bsaber.com/?p=1136171</link>
      <pubDate>Sat, 01 Jun 2019 08:59:40 +0000</pubDate>


      <slash:comments>0</slash:comments>

      <SongKey>5062</SongKey>
      <DownloadURL>https://beatsaver.com/api/download/key/5062</DownloadURL>
      <Hash>015170851544c832ee4ac858ca6b3425677b1696</Hash>
      <LevelAuthorName>downycat</LevelAuthorName>
      <SongTitle>Witchcraft &#8211; Pendulum</SongTitle>
    </item>
    <item>
      <guid isPermaLink="false">6c12ae9bcc1d7291b916eb6f12a6d988</guid>
      <title>uncurated wrote a new post</title>
      <link>https://bsaber.com/?p=1141117</link>
      <pubDate>Fri, 31 May 2019 17:58:39 +0000</pubDate>


      <slash:comments>0</slash:comments>

      <SongKey>5038</SongKey>
      <DownloadURL>https://beatsaver.com/api/download/key/5038</DownloadURL>
      <Hash>d110e413fb7fb462b692f1f17b835cf8b7280884</Hash>
      <LevelAuthorName>bennydabeast</LevelAuthorName>
      <SongTitle>Uptown Funk &#8211; Mark Ronson</SongTitle>
    </item>
    <item>
      <guid isPermaLink="false">be70847305d7d9f90a2ee44ea8c1ba45</guid>
      <title>uncurated wrote a new post</title>
      <link>https://bsaber.com/?p=1136013</link>
      <pubDate>Fri, 31 May 2019 15:21:00 +0000</pubDate>


      <slash:comments>0</slash:comments>

      <SongKey>502c</SongKey>
      <DownloadURL>https://beatsaver.com/api/download/key/502c</DownloadURL>
      <Hash>24dbcc82ecb9f5870e2ffc30a689b56e0c412c3a</Hash>
      <LevelAuthorName>Joetastic</LevelAuthorName>
      <SongTitle>I Burn [One Saber] (RWBY: Volume 1 Soundtrack) &#8211; Jeff Williams ft. Casey Lee Williams &amp; Lamar Hall</SongTitle>
    </item>
    <item>
      <guid isPermaLink="false">71013aff558100f6fc342d95e33566ac</guid>
      <title>uncurated wrote a new post</title>
      <link>https://bsaber.com/?p=1135903</link>
      <pubDate>Fri, 31 May 2019 02:06:06 +0000</pubDate>


      <slash:comments>0</slash:comments>

      <SongKey>5002</SongKey>
      <DownloadURL>https://beatsaver.com/api/download/key/5002</DownloadURL>
      <Hash>51a68f8b1815144df80add7fd8472f3d109dcb3d</Hash>
      <LevelAuthorName>Joetastic</LevelAuthorName>
      <SongTitle>Nesshoku Starmine [BanG Dream! Soundtrack] &#8211; Roselia</SongTitle>
    </item>
    <item>
      <guid isPermaLink="false">48aad26310a7fab8de3246638b9413c3</guid>
      <title>CuratorRecommended wrote a new post</title>
      <link>https://bsaber.com/?p=1135807</link>
      <pubDate>Thu, 30 May 2019 14:34:51 +0000</pubDate>


      <slash:comments>0</slash:comments>

      <SongKey>4fe8</SongKey>
      <DownloadURL>https://beatsaver.com/api/download/key/4fe8</DownloadURL>
      <Hash>0fdfb6fb8788f52b78c981c85cf9f316e4b6f232</Hash>
      <LevelAuthorName>Joetastic</LevelAuthorName>
      <SongTitle>Red Like Roses [One Saber] (RWBY: Volume 1 Soundtrack) &#8211; Jeff Williams ft. Casey Lee Williams</SongTitle>
    </item>
    <item>
      <guid isPermaLink="false">9657cece2f774e22ded04be927a7b3c6</guid>
      <title>SkylerWallace wrote a new post</title>
      <link>https://bsaber.com/?p=1104142</link>
      <pubDate>Thu, 30 May 2019 05:29:03 +0000</pubDate>


      <slash:comments>0</slash:comments>

      <SongKey>3dd6</SongKey>
      <DownloadURL>https://beatsaver.com/api/download/key/3dd6</DownloadURL>
      <Hash>3f3d4ad451b3671e881776c88a67148326ccc9c5</Hash>
      <LevelAuthorName>Rexxz</LevelAuthorName>
      <SongTitle>Saeed &#8211; Infected Mushroom</SongTitle>
    </item>
    <item>
      <guid isPermaLink="false">7be2042e2feea40e87ffac4c4b353a63</guid>
      <title>uncurated wrote a new post</title>
      <link>https://bsaber.com/?p=1135728</link>
      <pubDate>Thu, 30 May 2019 00:39:37 +0000</pubDate>


      <slash:comments>0</slash:comments>

      <SongKey>4fcf</SongKey>
      <DownloadURL>https://beatsaver.com/api/download/key/4fcf</DownloadURL>
      <Hash>3d2c1fe36debc0f90b3bece81b6d477b93ddb1f1</Hash>
      <LevelAuthorName>Rexxz</LevelAuthorName>
      <SongTitle>Salted Caramel &#8211; Andrew Applepie</SongTitle>
    </item>
    <item>
      <guid isPermaLink="false">b9a0f2310a59993a331029231b44e3d5</guid>
      <title>CuratorRecommended wrote a new post</title>
      <link>https://bsaber.com/?p=1135673</link>
      <pubDate>Wed, 29 May 2019 14:04:18 +0000</pubDate>


      <slash:comments>0</slash:comments>

      <SongKey>4fba</SongKey>
      <DownloadURL>https://beatsaver.com/api/download/key/4fba</DownloadURL>
      <Hash>4cb8bba2e14169819d61a4ccb69adba7b59d7f7a</Hash>
      <LevelAuthorName>Joetastic</LevelAuthorName>
      <SongTitle>Mirror Mirror [One Saber] (RWBY: Volume 1 Soundtrack) &#8211; Jeff Williams ft. Casey Lee Williams</SongTitle>
    </item>
    <item>
      <guid isPermaLink="false">c08a1bd8a19027ea3d5b1496221c6fcc</guid>
      <title>CuratorRecommended wrote a new post</title>
      <link>https://bsaber.com/?p=1135642</link>
      <pubDate>Wed, 29 May 2019 09:23:23 +0000</pubDate>


      <slash:comments>0</slash:comments>

      <SongKey>4fb5</SongKey>
      <DownloadURL>https://beatsaver.com/api/download/key/4fb5</DownloadURL>
      <Hash>bd05d922812a5c749a22957121d1a4a47a5e7a67</Hash>
      <LevelAuthorName>Joetastic</LevelAuthorName>
      <SongTitle>Rashisa [BanG Dream! Soundtrack] &#8211; Afterglow</SongTitle>
    </item>
    <item>
      <guid isPermaLink="false">e519c512aa5e2cb9564edb61a387506b</guid>
      <title>CuratorRecommended wrote a new post</title>
      <link>https://bsaber.com/?p=1135645</link>
      <pubDate>Wed, 29 May 2019 09:23:21 +0000</pubDate>


      <slash:comments>0</slash:comments>

      <SongKey>4fb4</SongKey>
      <DownloadURL>https://beatsaver.com/api/download/key/4fb4</DownloadURL>
      <Hash>3742f2babfacafba04a2a61bea41e1c1ae59dbdd</Hash>
      <LevelAuthorName>Joetastic</LevelAuthorName>
      <SongTitle>UNSTOPPABLE [BanG Dream! Soundtrack] &#8211; RAISE A SUILEN</SongTitle>
    </item>
    <item>
      <guid isPermaLink="false">932283f33404ffc92345855ad689af0c</guid>
      <title>CuratorRecommended wrote a new post</title>
      <link>https://bsaber.com/?p=1135648</link>
      <pubDate>Wed, 29 May 2019 09:23:20 +0000</pubDate>


      <slash:comments>0</slash:comments>

      <SongKey>4fb3</SongKey>
      <DownloadURL>https://beatsaver.com/api/download/key/4fb3</DownloadURL>
      <Hash>4d88d04792487079bba7083587f7cc0efe97c0a9</Hash>
      <LevelAuthorName>Joetastic</LevelAuthorName>
      <SongTitle>Tentai Kansoku [BanG Dream! Soundtrack] &#8211; Afterglow &amp; Poppin Party</SongTitle>
    </item>
    <item>
      <guid isPermaLink="false">aae02d1fc2931652be2c7b807420435f</guid>
      <title>CuratorRecommended wrote a new post</title>
      <link>https://bsaber.com/?p=1135651</link>
      <pubDate>Wed, 29 May 2019 09:23:18 +0000</pubDate>


      <slash:comments>0</slash:comments>

      <SongKey>4fb2</SongKey>
      <DownloadURL>https://beatsaver.com/api/download/key/4fb2</DownloadURL>
      <Hash>187990933d762fe7542e90dfd901c4f217b03d21</Hash>
      <LevelAuthorName>Joetastic</LevelAuthorName>
      <SongTitle>Safe and Sound [BanG Dream! Soundtrack] &#8211; Roselia</SongTitle>
    </item>
    <item>
      <guid isPermaLink="false">4a6324c25b7350fb2b0d22e10a8dbc92</guid>
      <title>CuratorRecommended wrote a new post</title>
      <link>https://bsaber.com/?p=1135654</link>
      <pubDate>Wed, 29 May 2019 09:23:17 +0000</pubDate>


      <slash:comments>0</slash:comments>

      <SongKey>4fb1</SongKey>
      <DownloadURL>https://beatsaver.com/api/download/key/4fb1</DownloadURL>
      <Hash>4656d81c3fca0b4dfb67f5fa81fbead3508c5afb</Hash>
      <LevelAuthorName>Joetastic</LevelAuthorName>
      <SongTitle>Nico x Nico = Hyper Smile Power! [BanG Dream! Soundtrack] &#8211; Hello, Happy World!</SongTitle>
    </item>
    <item>
      <guid isPermaLink="false">12eb0d93d8e7c3de11e0b50032ce1b04</guid>
      <title>uncurated wrote a new post</title>
      <link>https://bsaber.com/?p=1135428</link>
      <pubDate>Mon, 27 May 2019 19:38:27 +0000</pubDate>


      <slash:comments>0</slash:comments>

      <SongKey>4f6a</SongKey>
      <DownloadURL>https://beatsaver.com/api/download/key/4f6a</DownloadURL>
      <Hash>44486918c32c51ec46516f05eb1628adfa602fa4</Hash>
      <LevelAuthorName>ConnorJC</LevelAuthorName>
      <SongTitle>Devil Inside Me &#8211; KSHMR &amp; KAAZE &amp; KARRA</SongTitle>
    </item>
    <item>
      <guid isPermaLink="false">6f6447c2d40430435646c8e07e966dad</guid>
      <title>CuratorRecommended wrote a new post</title>
      <link>https://bsaber.com/?p=1135294</link>
      <pubDate>Sun, 26 May 2019 23:42:58 +0000</pubDate>


      <slash:comments>0</slash:comments>

      <SongKey>4f40</SongKey>
      <DownloadURL>https://beatsaver.com/api/download/key/4f40</DownloadURL>
      <Hash>4dd9ba3e94afbc63e9c9c3948475932b3423a705</Hash>
      <LevelAuthorName>edzo</LevelAuthorName>
      <SongTitle>They&#8217;re Taking The Hobbits To Isengard &#8211; Erwin Beekveld</SongTitle>
    </item>
    <item>
      <guid isPermaLink="false">6e9705088af464bf721a5132c72aa814</guid>
      <title>CuratorRecommended wrote a new post</title>
      <link>https://bsaber.com/?p=1135265</link>
      <pubDate>Sun, 26 May 2019 20:46:16 +0000</pubDate>


      <slash:comments>0</slash:comments>

      <SongKey>4f36</SongKey>
      <DownloadURL>https://beatsaver.com/api/download/key/4f36</DownloadURL>
      <Hash>6071d9391888025922f4b05d68d10bff2b2770ea</Hash>
      <LevelAuthorName>stumi</LevelAuthorName>
      <SongTitle>Tina Turner &#8211; Proud Mary (Edit)</SongTitle>
    </item>
    <item>
      <guid isPermaLink="false">fbe1a49cc829c002a1f2d37c081d2511</guid>
      <title>uncurated wrote a new post</title>
      <link>https://bsaber.com/?p=1135210</link>
      <pubDate>Sun, 26 May 2019 13:39:53 +0000</pubDate>


      <slash:comments>0</slash:comments>

      <SongKey>4f21</SongKey>
      <DownloadURL>https://beatsaver.com/api/download/key/4f21</DownloadURL>
      <Hash>4b9bb050da67d6d933b0b25e5fe66dcbaba07769</Hash>
      <LevelAuthorName>heisenbergirl</LevelAuthorName>
      <SongTitle>A Little Party Never Killed Nobody (All We Got) &#8211; Fergie ft. Q-Top, GoonRock</SongTitle>
    </item>
    <item>
      <guid isPermaLink="false">80d298daed5516551ffc684ee84beba5</guid>
      <title>uncurated wrote a new post</title>
      <link>https://bsaber.com/?p=1135193</link>
      <pubDate>Sun, 26 May 2019 11:41:53 +0000</pubDate>


      <slash:comments>0</slash:comments>

      <SongKey>4f1c</SongKey>
      <DownloadURL>https://beatsaver.com/api/download/key/4f1c</DownloadURL>
      <Hash>094a769e6bff7bf8b68549931000888a87211786</Hash>
      <LevelAuthorName>heisenbergirl</LevelAuthorName>
      <SongTitle>Talking To Myself &#8211; Linkin Park</SongTitle>
    </item>
    <item>
      <guid isPermaLink="false">991aac2104c3f3d82009f6ecf9dae828</guid>
      <title>uncurated wrote a new post</title>
      <link>https://bsaber.com/?p=1141245</link>
      <pubDate>Sat, 25 May 2019 08:02:23 +0000</pubDate>


      <slash:comments>0</slash:comments>

      <SongKey>4ee7</SongKey>
      <DownloadURL>https://beatsaver.com/api/download/key/4ee7</DownloadURL>
      <Hash>972dfc4a9369d42a8037b4260c93018a82bfb49f</Hash>
      <LevelAuthorName>Joetastic</LevelAuthorName>
      <SongTitle>Time Lapse [BanG Dream! Soundtrack] &#8211; Poppin Party</SongTitle>
    </item>
    <item>
      <guid isPermaLink="false">3b9fed42b02eb7e38d63c53e7d4ac9cb</guid>
      <title>uncurated wrote a new post</title>
      <link>https://bsaber.com/?p=1135019</link>
      <pubDate>Sat, 25 May 2019 01:26:50 +0000</pubDate>


      <slash:comments>0</slash:comments>

      <SongKey>4ede</SongKey>
      <DownloadURL>https://beatsaver.com/api/download/key/4ede</DownloadURL>
      <Hash>9d3a9132d38f03c93930ff37bab647f0e8d96f38</Hash>
      <LevelAuthorName>edzo</LevelAuthorName>
      <SongTitle>Android Girl &#8211; DECO*27 ft. Hatsune Miku</SongTitle>
    </item>
    <item>
      <guid isPermaLink="false">2d249f828975b5504b31b90bcad9cf30</guid>
      <title>uncurated wrote a new post</title>
      <link>https://bsaber.com/?p=1134965</link>
      <pubDate>Fri, 24 May 2019 16:10:20 +0000</pubDate>


      <slash:comments>0</slash:comments>

      <SongKey>4eca</SongKey>
      <DownloadURL>https://beatsaver.com/api/download/key/4eca</DownloadURL>
      <Hash>6775a3d8407441305f9ce90aeef0fdee7bc38ab5</Hash>
      <LevelAuthorName>Joetastic</LevelAuthorName>
      <SongTitle>Kimi no Kioku (Memories of You) [BanG Dream! Soundtrack] &#8211; Roselia</SongTitle>
    </item>
    <item>
      <guid isPermaLink="false">39efda30067b4a030aa6c34cb2fcd73c</guid>
      <title>uncurated wrote a new post</title>
      <link>https://bsaber.com/?p=1141260</link>
      <pubDate>Fri, 24 May 2019 07:08:55 +0000</pubDate>


      <slash:comments>0</slash:comments>

      <SongKey>4ebd</SongKey>
      <DownloadURL>https://beatsaver.com/api/download/key/4ebd</DownloadURL>
      <Hash>eff608b5ac95d5051430e6883f7a05bac4ff7893</Hash>
      <LevelAuthorName>Joetastic</LevelAuthorName>
      <SongTitle>Cherry Bomb [BanG Dream! Soundtrack] &#8211; Poppin Party</SongTitle>
    </item>
    <item>
      <guid isPermaLink="false">62afed3e130a9cd7e04aaa1c1628adeb</guid>
      <title>uncurated wrote a new post</title>
      <link>https://bsaber.com/?p=1141289</link>
      <pubDate>Thu, 23 May 2019 23:26:31 +0000</pubDate>


      <slash:comments>0</slash:comments>

      <SongKey>4ead</SongKey>
      <DownloadURL>https://beatsaver.com/api/download/key/4ead</DownloadURL>
      <Hash>06d62906c13cf6f575c3be12dbfb50d5a7e48287</Hash>
      <LevelAuthorName>KuritsaDBS</LevelAuthorName>
      <SongTitle>Legendary &#8211; Skillet</SongTitle>
    </item>
    <item>
      <guid isPermaLink="false">858ed52694b81e902270919f4e74cba5</guid>
      <title>CuratorRecommended wrote a new post</title>
      <link>https://bsaber.com/?p=1134706</link>
      <pubDate>Wed, 22 May 2019 13:20:43 +0000</pubDate>


      <slash:comments>0</slash:comments>

      <SongKey>4e7f</SongKey>
      <DownloadURL>https://beatsaver.com/api/download/key/4e7f</DownloadURL>
      <Hash>27440b1e06279b915e2bff421fde5e24f74d5f34</Hash>
      <LevelAuthorName>Joetastic</LevelAuthorName>
      <SongTitle>Call Me Maybe &#8211; Carly Rae Jepsen</SongTitle>
    </item>
    <item>
      <guid isPermaLink="false">8c3ead0cbd79e6eb8f34ab3bded32ef4</guid>
      <title>CuratorRecommended wrote a new post</title>
      <link>https://bsaber.com/?p=1134703</link>
      <pubDate>Wed, 22 May 2019 13:19:01 +0000</pubDate>


      <slash:comments>0</slash:comments>

      <SongKey>4e7e</SongKey>
      <DownloadURL>https://beatsaver.com/api/download/key/4e7e</DownloadURL>
      <Hash>a7f45bde57c5d14c7b249f26c0f3b121c9a0cacb</Hash>
      <LevelAuthorName>Joetastic</LevelAuthorName>
      <SongTitle>Dizzy &#8211; Balduin &amp; Wolfgang Lohr ft. Alanna [ComLyfe]</SongTitle>
    </item>
    <item>
      <guid isPermaLink="false">469fbbcf4917a959e4e946b353f0dc6f</guid>
      <title>CuratorRecommended wrote a new post</title>
      <link>https://bsaber.com/?p=1134576</link>
      <pubDate>Tue, 21 May 2019 13:14:40 +0000</pubDate>


      <slash:comments>0</slash:comments>

      <SongKey>4e4f</SongKey>
      <DownloadURL>https://beatsaver.com/api/download/key/4e4f</DownloadURL>
      <Hash>f5ed9f464c62d70600978b0131fc5bf0ae6ca029</Hash>
      <LevelAuthorName>Joetastic</LevelAuthorName>
      <SongTitle>Jamboree! Journey! [BanG Dream! Soundtrack] &#8211; Afterglow</SongTitle>
    </item>
    <item>
      <guid isPermaLink="false">d1f699dd6cdb30f206f0b2e67a8b4abf</guid>
      <title>uncurated wrote a new post</title>
      <link>https://bsaber.com/?p=1134473</link>
      <pubDate>Mon, 20 May 2019 20:41:25 +0000</pubDate>


      <slash:comments>0</slash:comments>

      <SongKey>4e29</SongKey>
      <DownloadURL>https://beatsaver.com/api/download/key/4e29</DownloadURL>
      <Hash>9949a1e0b16f9850b209fe979142708d2155fadc</Hash>
      <LevelAuthorName>edzo</LevelAuthorName>
      <SongTitle>Rock Club &#8211; Anamanaguchi [Scott Pilgrim]</SongTitle>
    </item>
    <item>
      <guid isPermaLink="false">1984849d338d95f08ab58c5def9f41bf</guid>
      <title>uncurated wrote a new post</title>
      <link>https://bsaber.com/?p=1134456</link>
      <pubDate>Mon, 20 May 2019 17:51:23 +0000</pubDate>


      <slash:comments>0</slash:comments>

      <SongKey>4e23</SongKey>
      <DownloadURL>https://beatsaver.com/api/download/key/4e23</DownloadURL>
      <Hash>81b8c223132432ae0e0378f19b4a9ff4cdc7faed</Hash>
      <LevelAuthorName>ruckus</LevelAuthorName>
      <SongTitle>Pallbearer &#8211; Igorrr &amp; Bong-Ra</SongTitle>
    </item>
    <item>
      <guid isPermaLink="false">a4b5ef1a36cf2cae78acf65454339e04</guid>
      <title>CuratorRecommended wrote a new post</title>
      <link>https://bsaber.com/?p=1134334</link>
      <pubDate>Sun, 19 May 2019 19:10:30 +0000</pubDate>


      <slash:comments>0</slash:comments>

      <SongKey>4df8</SongKey>
      <DownloadURL>https://beatsaver.com/api/download/key/4df8</DownloadURL>
      <Hash>0100e6fad1d896b50807b6f955407c2d2eea5c24</Hash>
      <LevelAuthorName>Joetastic</LevelAuthorName>
      <SongTitle>Hare Hare Yukai [BanG Dream! Soundtrack] &#8211; Hello, Happy World! ft. Pastel Palettes &amp; Afterglow</SongTitle>
    </item>
    <item>
      <guid isPermaLink="false">f6636c533be1ce93e181e74d489f345e</guid>
      <title>uncurated wrote a new post</title>
      <link>https://bsaber.com/?p=1134288</link>
      <pubDate>Sun, 19 May 2019 13:26:06 +0000</pubDate>


      <slash:comments>0</slash:comments>

      <SongKey>4de5</SongKey>
      <DownloadURL>https://beatsaver.com/api/download/key/4de5</DownloadURL>
      <Hash>bf8c016dc6b9832ece3030f05277bbbe67db790d</Hash>
      <LevelAuthorName>greatyazer</LevelAuthorName>
      <SongTitle>KONGOS  Escape</SongTitle>
    </item>
    <item>
      <guid isPermaLink="false">b4d1f041bd5a64e2c481d70f2c3cb417</guid>
      <title>uncurated wrote a new post</title>
      <link>https://bsaber.com/?p=1141477</link>
      <pubDate>Sat, 18 May 2019 16:17:28 +0000</pubDate>


      <slash:comments>0</slash:comments>

      <SongKey>4dab</SongKey>
      <DownloadURL>https://beatsaver.com/api/download/key/4dab</DownloadURL>
      <Hash>0f02ac72f480914edb1f4269bc1480fdcf59426c</Hash>
      <LevelAuthorName>Joetastic</LevelAuthorName>
      <SongTitle>Romeo [BanG Dream! Soundtrack] &#8211; Hello, Happy World!</SongTitle>
    </item>
    <item>
      <guid isPermaLink="false">c89cb12f25696b8f0955edd44f4cb909</guid>
      <title>uncurated wrote a new post</title>
      <link>https://bsaber.com/?p=1134052</link>
      <pubDate>Sat, 18 May 2019 11:10:35 +0000</pubDate>


      <slash:comments>0</slash:comments>

      <SongKey>4d98</SongKey>
      <DownloadURL>https://beatsaver.com/api/download/key/4d98</DownloadURL>
      <Hash>79d797c862022d05b5d297f0d991b303bf54b0a6</Hash>
      <LevelAuthorName>Nuketime</LevelAuthorName>
      <SongTitle>Prey &#8211; BEMANI Sound Team &#8220;Dustup&#8221;</SongTitle>
    </item>
    <item>
      <guid isPermaLink="false">9af891b8b7f62da3c5fe05a71de4f7d3</guid>
      <title>uncurated wrote a new post</title>
      <link>https://bsaber.com/?p=1134031</link>
      <pubDate>Sat, 18 May 2019 09:22:42 +0000</pubDate>


      <slash:comments>0</slash:comments>

      <SongKey>4d91</SongKey>
      <DownloadURL>https://beatsaver.com/api/download/key/4d91</DownloadURL>
      <Hash>56660896b8969fb13aa0372a3d455119f842336b</Hash>
      <LevelAuthorName>Joetastic</LevelAuthorName>
      <SongTitle>My Love &#8211; Kuba Oms</SongTitle>
    </item>
    <item>
      <guid isPermaLink="false">cc4496eafc75951e543c7cfbad3831b6</guid>
      <title>uncurated wrote a new post</title>
      <link>https://bsaber.com/?p=1134012</link>
      <pubDate>Sat, 18 May 2019 06:29:31 +0000</pubDate>


      <slash:comments>0</slash:comments>

      <SongKey>4d89</SongKey>
      <DownloadURL>https://beatsaver.com/api/download/key/4d89</DownloadURL>
      <Hash>7be4d6ab466827a764bd42ef5e829aeef4e01eea</Hash>
      <LevelAuthorName>Joetastic</LevelAuthorName>
      <SongTitle>Electrolove &#8211; Kuba Oms</SongTitle>
    </item>

  </channel>
</rss>