﻿<?xml version="1.0" encoding="UTF-8"?>
<rss version="2.0"
	xmlns:content="http://purl.org/rss/1.0/modules/content/"
	xmlns:atom="http://www.w3.org/2005/Atom"
	xmlns:sy="http://purl.org/rss/1.0/modules/syndication/"
	xmlns:slash="http://purl.org/rss/1.0/modules/slash/"
	>

  <channel>
    <title>BeastSaber | Zingabopp | Following Activity</title>
    <link>https://bsaber.com/members/zingabopp/wall/followings/</link>
    <atom:link href="https://bsaber.com/members/zingabopp/wall/followings/feed/?acpage=23" rel="self" type="application/rss+xml" />
    <description>Activity feed for people that Zingabopp is following.</description>
    <lastBuildDate>Mon, 22 Jul 2019 04:04:22 +0000</lastBuildDate>
    <generator>https://buddypress.org/?v=4.3.0</generator>
    <language>en-US</language>
    <ttl>30</ttl>
    <sy:updatePeriod>hourly</sy:updatePeriod>
    <sy:updateFrequency>2</sy:updateFrequency>

    <item>
      <guid isPermaLink="false">ad7278899d42433e00441474a1b1d0a0</guid>
      <title>uncurated wrote a new post</title>
      <link>https://bsaber.com/?p=7403</link>
      <pubDate>Mon, 01 Jan 2018 00:00:00 +0000</pubDate>


      <slash:comments>0</slash:comments>

      <SongKey>7f</SongKey>
      <DownloadURL>https://beatsaver.com/api/download/key/7f</DownloadURL>
      <Hash>a098fd424c66fedf0ade7e7b1926f1c834f36a52</Hash>
      <LevelAuthorName>freeek</LevelAuthorName>
      <SongTitle>GOMD &#8211; Sickick</SongTitle>
    </item>
    <item>
      <guid isPermaLink="false">ad7278899d42433e00441474a1b1d0a0</guid>
      <title>uncurated wrote a new post</title>
      <link>https://bsaber.com/?p=6982</link>
      <pubDate>Mon, 01 Jan 2018 00:00:00 +0000</pubDate>


      <slash:comments>0</slash:comments>

      <SongKey>fb</SongKey>
      <DownloadURL>https://beatsaver.com/api/download/key/fb</DownloadURL>
      <Hash>35d58f383a4b13c385c37b4ed6ff6460b765c29a</Hash>
      <LevelAuthorName>bennydabeast</LevelAuthorName>
      <SongTitle>Kids by MGMT (BennyDaBeast)</SongTitle>
    </item>
    <item>
      <guid isPermaLink="false">ad7278899d42433e00441474a1b1d0a0</guid>
      <title>uncurated wrote a new post</title>
      <link>https://bsaber.com/?p=6680</link>
      <pubDate>Mon, 01 Jan 2018 00:00:00 +0000</pubDate>


      <slash:comments>0</slash:comments>

      <SongKey>155</SongKey>
      <DownloadURL>https://beatsaver.com/api/download/key/155</DownloadURL>
      <Hash>fbd8b9338bffb98555a10c69887234fac959d83d</Hash>
      <LevelAuthorName>bennydabeast</LevelAuthorName>
      <SongTitle>Midnight City &#8211; M83 (Update)</SongTitle>
    </item>
    <item>
      <guid isPermaLink="false">ad7278899d42433e00441474a1b1d0a0</guid>
      <title>uncurated wrote a new post</title>
      <link>https://bsaber.com/?p=6379</link>
      <pubDate>Mon, 01 Jan 2018 00:00:00 +0000</pubDate>


      <slash:comments>0</slash:comments>

      <SongKey>1b0</SongKey>
      <DownloadURL>https://beatsaver.com/api/download/key/1b0</DownloadURL>
      <Hash>414a0d66ebca7f85d08e89fc353141e30e11cd1c</Hash>
      <LevelAuthorName>raynarch</LevelAuthorName>
      <SongTitle>Funky Town &#8211; Lipps Inc.</SongTitle>
    </item>
    <item>
      <guid isPermaLink="false">ad7278899d42433e00441474a1b1d0a0</guid>
      <title>uncurated wrote a new post</title>
      <link>https://bsaber.com/?p=6364</link>
      <pubDate>Mon, 01 Jan 2018 00:00:00 +0000</pubDate>


      <slash:comments>0</slash:comments>

      <SongKey>1b5</SongKey>
      <DownloadURL>https://beatsaver.com/api/download/key/1b5</DownloadURL>
      <Hash>676bf0c78b1de04c0760fa8fb8f112e0aca5b4d6</Hash>
      <LevelAuthorName>greatyazer</LevelAuthorName>
      <SongTitle>Electra Heart &#8211; Marina and the Diamonds (Betatraxx remix)</SongTitle>
    </item>
    <item>
      <guid isPermaLink="false">ad7278899d42433e00441474a1b1d0a0</guid>
      <title>uncurated wrote a new post</title>
      <link>https://bsaber.com/?p=6358</link>
      <pubDate>Mon, 01 Jan 2018 00:00:00 +0000</pubDate>


      <slash:comments>0</slash:comments>

      <SongKey>1b7</SongKey>
      <DownloadURL>https://beatsaver.com/api/download/key/1b7</DownloadURL>
      <Hash>7641706012ee4ef9bf7d7e26a18f9d87d4807f22</Hash>
      <LevelAuthorName>rustic</LevelAuthorName>
      <SongTitle>30 Seconds to Mars &#8211; Walk on Water</SongTitle>
    </item>
    <item>
      <guid isPermaLink="false">ad7278899d42433e00441474a1b1d0a0</guid>
      <title>uncurated wrote a new post</title>
      <link>https://bsaber.com/?p=6295</link>
      <pubDate>Mon, 01 Jan 2018 00:00:00 +0000</pubDate>


      <slash:comments>0</slash:comments>

      <SongKey>1c9</SongKey>
      <DownloadURL>https://beatsaver.com/api/download/key/1c9</DownloadURL>
      <Hash>b785a1f0651a7bcdf6acf6f1212d892622ec7c3b</Hash>
      <LevelAuthorName>bennydabeast</LevelAuthorName>
      <SongTitle>Polish Girl &#8211; Neon Indian</SongTitle>
    </item>
    <item>
      <guid isPermaLink="false">ad7278899d42433e00441474a1b1d0a0</guid>
      <title>uncurated wrote a new post</title>
      <link>https://bsaber.com/?p=6045</link>
      <pubDate>Mon, 01 Jan 2018 00:00:00 +0000</pubDate>


      <slash:comments>0</slash:comments>

      <SongKey>216</SongKey>
      <DownloadURL>https://beatsaver.com/api/download/key/216</DownloadURL>
      <Hash>e1176b97ee4786f0cdfacb8770ad2b4abddeaf02</Hash>
      <LevelAuthorName>freeek</LevelAuthorName>
      <SongTitle>Cut your Teeth &#8211; Kygo and Kyla La Grange</SongTitle>
    </item>
    <item>
      <guid isPermaLink="false">ad7278899d42433e00441474a1b1d0a0</guid>
      <title>uncurated wrote a new post</title>
      <link>https://bsaber.com/?p=6042</link>
      <pubDate>Mon, 01 Jan 2018 00:00:00 +0000</pubDate>


      <slash:comments>1</slash:comments>

      <SongKey>217</SongKey>
      <DownloadURL>https://beatsaver.com/api/download/key/217</DownloadURL>
      <Hash>4b2da842b687ec4cfbc948c583c21c79d4120de0</Hash>
      <LevelAuthorName>freeek</LevelAuthorName>
      <SongTitle>Beat it &#8211; Michael Jackson</SongTitle>
    </item>
    <item>
      <guid isPermaLink="false">ad7278899d42433e00441474a1b1d0a0</guid>
      <title>uncurated wrote a new post</title>
      <link>https://bsaber.com/?p=6000</link>
      <pubDate>Mon, 01 Jan 2018 00:00:00 +0000</pubDate>


      <slash:comments>0</slash:comments>

      <SongKey>225</SongKey>
      <DownloadURL>https://beatsaver.com/api/download/key/225</DownloadURL>
      <Hash>507f0e09326d37e09dca08e3c2597f027dbe1940</Hash>
      <LevelAuthorName>freeek</LevelAuthorName>
      <SongTitle>Clint Eastwood &#8211; Gorillaz</SongTitle>
    </item>
    <item>
      <guid isPermaLink="false">ad7278899d42433e00441474a1b1d0a0</guid>
      <title>uncurated wrote a new post</title>
      <link>https://bsaber.com/?p=5913</link>
      <pubDate>Mon, 01 Jan 2018 00:00:00 +0000</pubDate>


      <slash:comments>0</slash:comments>

      <SongKey>241</SongKey>
      <DownloadURL>https://beatsaver.com/api/download/key/241</DownloadURL>
      <Hash>29f8668d85cfe2344aa233719a88a54247c8514f</Hash>
      <LevelAuthorName>freeek</LevelAuthorName>
      <SongTitle>Lay Down &#8211; Priestess</SongTitle>
    </item>
    <item>
      <guid isPermaLink="false">ad7278899d42433e00441474a1b1d0a0</guid>
      <title>uncurated wrote a new post</title>
      <link>https://bsaber.com/?p=5779</link>
      <pubDate>Mon, 01 Jan 2018 00:00:00 +0000</pubDate>


      <slash:comments>0</slash:comments>

      <SongKey>26a</SongKey>
      <DownloadURL>https://beatsaver.com/api/download/key/26a</DownloadURL>
      <Hash>cebe617187673d38a07ad517dc55355d824997e4</Hash>
      <LevelAuthorName>downycat</LevelAuthorName>
      <SongTitle>In The End &#8211; Linkin Park</SongTitle>
    </item>
    <item>
      <guid isPermaLink="false">ad7278899d42433e00441474a1b1d0a0</guid>
      <title>TheLesserGatsby wrote a new post</title>
      <link>https://bsaber.com/?p=5704</link>
      <pubDate>Mon, 01 Jan 2018 00:00:00 +0000</pubDate>


      <slash:comments>0</slash:comments>

      <SongKey>282</SongKey>
      <DownloadURL>https://beatsaver.com/api/download/key/282</DownloadURL>
      <Hash>397f4485345e33cc0ca1212425c19274ec855740</Hash>
      <LevelAuthorName>rustic</LevelAuthorName>
      <SongTitle>Prototyperaptor &#8211; Awe (One Saber)</SongTitle>
    </item>
    <item>
      <guid isPermaLink="false">ad7278899d42433e00441474a1b1d0a0</guid>
      <title>uncurated wrote a new post</title>
      <link>https://bsaber.com/?p=5599</link>
      <pubDate>Mon, 01 Jan 2018 00:00:00 +0000</pubDate>


      <slash:comments>0</slash:comments>

      <SongKey>2a3</SongKey>
      <DownloadURL>https://beatsaver.com/api/download/key/2a3</DownloadURL>
      <Hash>edf637f016aafd091b9b1ace8a0f093fc137b0ff</Hash>
      <LevelAuthorName>raynarch</LevelAuthorName>
      <SongTitle>LMFAO &#8211; Party Rock Anthem</SongTitle>
    </item>
    <item>
      <guid isPermaLink="false">ad7278899d42433e00441474a1b1d0a0</guid>
      <title>uncurated wrote a new post</title>
      <link>https://bsaber.com/?p=5503</link>
      <pubDate>Mon, 01 Jan 2018 00:00:00 +0000</pubDate>


      <slash:comments>0</slash:comments>

      <SongKey>2bf</SongKey>
      <DownloadURL>https://beatsaver.com/api/download/key/2bf</DownloadURL>
      <Hash>0f458a80ae3f04649c68a46f9380fe634c212047</Hash>
      <LevelAuthorName>downycat</LevelAuthorName>
      <SongTitle>All Time Low (BOXINLION Remix)</SongTitle>
    </item>
    <item>
      <guid isPermaLink="false">ad7278899d42433e00441474a1b1d0a0</guid>
      <title>uncurated wrote a new post</title>
      <link>https://bsaber.com/?p=5431</link>
      <pubDate>Mon, 01 Jan 2018 00:00:00 +0000</pubDate>


      <slash:comments>0</slash:comments>

      <SongKey>2d7</SongKey>
      <DownloadURL>https://beatsaver.com/api/download/key/2d7</DownloadURL>
      <Hash>901d38d303ec14721f0780301d75e7249e2df3c9</Hash>
      <LevelAuthorName>blackblazon</LevelAuthorName>
      <SongTitle>Stephen Walking &amp; Hyper Potions &#8211; Saturday Morning Space Ride (Fixed)</SongTitle>
    </item>
    <item>
      <guid isPermaLink="false">ad7278899d42433e00441474a1b1d0a0</guid>
      <title>uncurated wrote a new post</title>
      <link>https://bsaber.com/?p=5370</link>
      <pubDate>Mon, 01 Jan 2018 00:00:00 +0000</pubDate>


      <slash:comments>0</slash:comments>

      <SongKey>2e9</SongKey>
      <DownloadURL>https://beatsaver.com/api/download/key/2e9</DownloadURL>
      <Hash>82b8e2c82dcc84cbb5d70cf5ee545ebb145c6311</Hash>
      <LevelAuthorName>greatyazer</LevelAuthorName>
      <SongTitle>Blow Me Away(Halo 2 OST) &amp;vert; Breaking Benjamin</SongTitle>
    </item>
    <item>
      <guid isPermaLink="false">ad7278899d42433e00441474a1b1d0a0</guid>
      <title>TheLesserGatsby wrote a new post</title>
      <link>https://bsaber.com/?p=5188</link>
      <pubDate>Mon, 01 Jan 2018 00:00:00 +0000</pubDate>


      <slash:comments>0</slash:comments>

      <SongKey>322</SongKey>
      <DownloadURL>https://beatsaver.com/api/download/key/322</DownloadURL>
      <Hash>3bb1b1918741963bf6d91f4f584aea4b9c6d3713</Hash>
      <LevelAuthorName>freeek</LevelAuthorName>
      <SongTitle>Knights of Cydonia &#8211; Muse</SongTitle>
    </item>
    <item>
      <guid isPermaLink="false">ad7278899d42433e00441474a1b1d0a0</guid>
      <title>uncurated wrote a new post</title>
      <link>https://bsaber.com/?p=5179</link>
      <pubDate>Mon, 01 Jan 2018 00:00:00 +0000</pubDate>


      <slash:comments>0</slash:comments>

      <SongKey>325</SongKey>
      <DownloadURL>https://beatsaver.com/api/download/key/325</DownloadURL>
      <Hash>ba31fd9e185bbd063702a1a3110340aa647d5b23</Hash>
      <LevelAuthorName>downycat</LevelAuthorName>
      <SongTitle>Over Again &#8211; Mike Shinoda</SongTitle>
    </item>
    <item>
      <guid isPermaLink="false">ad7278899d42433e00441474a1b1d0a0</guid>
      <title>uncurated wrote a new post</title>
      <link>https://bsaber.com/?p=4766</link>
      <pubDate>Mon, 01 Jan 2018 00:00:00 +0000</pubDate>


      <slash:comments>0</slash:comments>

      <SongKey>3a4</SongKey>
      <DownloadURL>https://beatsaver.com/api/download/key/3a4</DownloadURL>
      <Hash>fa36428f6eed2648dade2fe320156adfaabe07b5</Hash>
      <LevelAuthorName>downycat</LevelAuthorName>
      <SongTitle>Boulevard of Broken Dreams &#8211; Green Day</SongTitle>
    </item>
    <item>
      <guid isPermaLink="false">ad7278899d42433e00441474a1b1d0a0</guid>
      <title>uncurated wrote a new post</title>
      <link>https://bsaber.com/?p=4718</link>
      <pubDate>Mon, 01 Jan 2018 00:00:00 +0000</pubDate>


      <slash:comments>0</slash:comments>

      <SongKey>3b3</SongKey>
      <DownloadURL>https://beatsaver.com/api/download/key/3b3</DownloadURL>
      <Hash>b639e63568fdf5cbf0efd8c7652c6f182c82c782</Hash>
      <LevelAuthorName>greatyazer</LevelAuthorName>
      <SongTitle>BADGER SONG (Can you outrun the snake&amp;quest;)</SongTitle>
    </item>
    <item>
      <guid isPermaLink="false">ad7278899d42433e00441474a1b1d0a0</guid>
      <title>uncurated wrote a new post</title>
      <link>https://bsaber.com/?p=4640</link>
      <pubDate>Mon, 01 Jan 2018 00:00:00 +0000</pubDate>


      <slash:comments>0</slash:comments>

      <SongKey>3ca</SongKey>
      <DownloadURL>https://beatsaver.com/api/download/key/3ca</DownloadURL>
      <Hash>9801ee72e6649789f6970393410fbbacba482dc8</Hash>
      <LevelAuthorName>heisenbergirl</LevelAuthorName>
      <SongTitle>I Took A Pill In Ibiza (Seeb Remix)</SongTitle>
    </item>
    <item>
      <guid isPermaLink="false">ad7278899d42433e00441474a1b1d0a0</guid>
      <title>uncurated wrote a new post</title>
      <link>https://bsaber.com/?p=4461</link>
      <pubDate>Mon, 01 Jan 2018 00:00:00 +0000</pubDate>


      <slash:comments>0</slash:comments>

      <SongKey>401</SongKey>
      <DownloadURL>https://beatsaver.com/api/download/key/401</DownloadURL>
      <Hash>2b2caecb8e9a884ad8b0117c63efb6b580bac863</Hash>
      <LevelAuthorName>ruckus</LevelAuthorName>
      <SongTitle>You Reposted in the Wrong Neighborhood &#8211; SHOKK</SongTitle>
    </item>
    <item>
      <guid isPermaLink="false">ad7278899d42433e00441474a1b1d0a0</guid>
      <title>uncurated wrote a new post</title>
      <link>https://bsaber.com/?p=4392</link>
      <pubDate>Mon, 01 Jan 2018 00:00:00 +0000</pubDate>


      <slash:comments>0</slash:comments>

      <SongKey>417</SongKey>
      <DownloadURL>https://beatsaver.com/api/download/key/417</DownloadURL>
      <Hash>13cf15b0bb110cf61b4b58c2dd4229b9aca45025</Hash>
      <LevelAuthorName>heisenbergirl</LevelAuthorName>
      <SongTitle>Fuck Her Gently &#8211; Tenacious D</SongTitle>
    </item>
    <item>
      <guid isPermaLink="false">ad7278899d42433e00441474a1b1d0a0</guid>
      <title>uncurated wrote a new post</title>
      <link>https://bsaber.com/?p=1026</link>
      <pubDate>Mon, 01 Jan 2018 00:00:00 +0000</pubDate>


      <slash:comments>0</slash:comments>

      <SongKey>475</SongKey>
      <DownloadURL>https://beatsaver.com/api/download/key/475</DownloadURL>
      <Hash>05c4b1fc955756d2672ce322417ad2fadb416af6</Hash>
      <LevelAuthorName>downycat</LevelAuthorName>
      <SongTitle>Ride &#8211; Twenty One Pilots</SongTitle>
    </item>
    <item>
      <guid isPermaLink="false">ad7278899d42433e00441474a1b1d0a0</guid>
      <title>TheLesserGatsby wrote a new post</title>
      <link>https://bsaber.com/?p=5845</link>
      <pubDate>Mon, 01 Jan 2018 00:00:00 +0000</pubDate>


      <slash:comments>0</slash:comments>

      <SongKey>256</SongKey>
      <DownloadURL>https://beatsaver.com/api/download/key/256</DownloadURL>
      <Hash>3ed159a3439f52a1cba7de0e40fabfd9dc37bbda</Hash>
      <LevelAuthorName>rustic</LevelAuthorName>
      <SongTitle>Approaching Nirvana &#8211; Rainbow Notes</SongTitle>
    </item>

  </channel>
</rss>