{

  "songs": [
    {
      "title": "Me & U - Succducc",
      "song_key": "5679",
      "hash": "a3bbbe2d6f64dfe8324c7098d5c35281d21fd20f",
      "level_author_name": "Ryger"
    },
    {
      "title": "Daft Punk - Pentatonix",
      "song_key": "5675",
      "hash": "122cbcfcf875abbe4956e612e5966208d7792688",
      "level_author_name": "Ryger"
    },
    {
      "title": "The End - Neil Cicierega",
      "song_key": "5674",
      "hash": "3eed1e51cf4d59abf48b11f82127a08677cd0911",
      "level_author_name": "Ryger"
    },
    {
      "title": "Shiba Island - James Landino",
      "song_key": "5673",
      "hash": "bf611bedbb348fc336a5caed7c97018d698f67cb",
      "level_author_name": "Ryger"
    },
    {
      "title": "K7 - Come Baby Come",
      "song_key": "5671",
      "hash": "09573e8a2f702781d215670d58e51c3d069060bf",
      "level_author_name": "Majorpickle"
    },
    {
      "title": "Zimzalabim - Red Velvet",
      "song_key": "5665",
      "hash": "d7289d46a7e5bf84bea59a62b557abf50067a864",
      "level_author_name": "Pixelguy"
    },
    {
      "title": "Holding Out For A Hero",
      "song_key": "5664",
      "hash": "d64f5400f932ecb1dc924b4e96d2b08918fcc5e4",
      "level_author_name": "Heisenberg"
    },
    {
      "title": "Legend of Millennium (Short Ver.) - Hazuki",
      "song_key": "565e",
      "hash": "5a9e8a13b6a75bf8fde9fe030d8a723d5a4491d2",
      "level_author_name": "Hoppaw"
    },
    {
      "title": "Snail's House � Moe Shop - Pastel",
      "song_key": "564d",
      "hash": "453272dc87db07e26731cfbbbabead26712232e4",
      "level_author_name": "KikaeAeon"
    },
    {
      "title": "Miiro [BanG Dream! Soundtrack] - Roselia",
      "song_key": "5641",
      "hash": "c0929ba4250944307ad97230a38da1c450eae54c",
      "level_author_name": "Joetastic"
    },
    {
      "title": "Last Resort - Papa Roach",
      "song_key": "562a",
      "hash": "e0a2ac2516867582d96ba72d4bd7f76ec98f98f4",
      "level_author_name": "Joetastic"
    },
    {
      "title": "TheFatRat - The Calling feat. Laura Brehm",
      "song_key": "561c",
      "hash": "4e54da2ed0a9cda841ff2d6d6cf7021a017b8325",
      "level_author_name": "Oddloop"
    },
    {
      "title": "Sanctuary - Joji (All Difficulties, Single Saber, & No Arrows)",
      "song_key": "5616",
      "hash": "76bc9c795600df8c663dea4927f470d0a7700ab3",
      "level_author_name": "Skyler Wallace"
    },
    {
      "title": "Spoonman - Soundgarden",
      "song_key": "5611",
      "hash": "25dff71b1b83199345c555f6387ac61a5d567d76",
      "level_author_name": "Ris"
    },
    {
      "title": "Where Am I - Getsix",
      "song_key": "5609",
      "hash": "a9118d1e9403d44a24cba8da9b37e4f0b004b0b4",
      "level_author_name": "Sykes"
    },
    {
      "title": "Ruling Me - Weezer",
      "song_key": "55f5",
      "hash": "ae3f34db204c0ea649a1009f6679c285e98cd88b",
      "level_author_name": "Joetastic"
    },
    {
      "title": "Fall Out Boy - The Take Over, The Breaks Over",
      "song_key": "55e0",
      "hash": "c9c18976f771e855f09e23f5dd98aaefb61e1b8a",
      "level_author_name": "KikaeAeon"
    },
    {
      "title": "I Prevail - Hurricane [Mapped by Ab]",
      "song_key": "55dd",
      "hash": "3fedeb86dea392dda6558ad9ef75c147698a6765",
      "level_author_name": "Ab"
    },
    {
      "title": "(6 Lane) Perfect Situation - Weezer",
      "song_key": "55d6",
      "hash": "18fc2b140f04041bf67c6cde01137634f814d841",
      "level_author_name": "BennyDaBeast"
    },
    {
      "title": "Short Skirt Long Jacket - Cake",
      "song_key": "55d1",
      "hash": "20b9326bd71db4454aba08df06b035ea536322a9",
      "level_author_name": "TechButterfly"
    }
  ],
  "next_page": 2

}
