﻿<?xml version="1.0" encoding="UTF-8"?>
<rss version="2.0"
	xmlns:content="http://purl.org/rss/1.0/modules/content/"
	xmlns:atom="http://www.w3.org/2005/Atom"
	xmlns:sy="http://purl.org/rss/1.0/modules/syndication/"
	xmlns:slash="http://purl.org/rss/1.0/modules/slash/"
	>

  <channel>
    <title>BeastSaber | CuratorRecommended | Bookmarks</title>
    <link>https://bsaber.com/members/curatorrecommended//bookmarks/</link>
    <atom:link href="https://bsaber.com/members/curatorrecommended/bookmarks/feed/?acpage=1" rel="self" type="application/rss+xml" />
    <description>Activity feed of CuratorRecommended's bookmarks.</description>
    <lastBuildDate>Sun, 14 Jul 2019 21:17:29 +0000</lastBuildDate>
    <generator>https://buddypress.org/?v=4.3.0</generator>
    <language>en-US</language>
    <ttl>30</ttl>
    <sy:updatePeriod>hourly</sy:updatePeriod>
    <sy:updateFrequency>2</sy:updateFrequency>

    <item>
      <guid isPermaLink="false">bce4f7fd5cbb7dbc41abf28e024c53f6</guid>
      <title>uncurated wrote a new post</title>
      <link>https://bsaber.com/?p=1167802</link>
      <pubDate>Sun, 14 Jul 2019 15:32:26 +0000</pubDate>


      <slash:comments>0</slash:comments>

      <SongKey>56ff</SongKey>
      <DownloadURL>https://beatsaver.com/api/download/key/56ff</DownloadURL>
      <Hash>74575254ae759f3f836eb521b4b80093ca52cd3d</Hash>
      <LevelAuthorName>Rustic</LevelAuthorName>
      <SongTitle>Xilent &#8211; Code Blood</SongTitle>
    </item>
    <item>
      <guid isPermaLink="false">e2dae6f0c16c38f6c278070622952647</guid>
      <title>uncurated wrote a new post</title>
      <link>https://bsaber.com/?p=1167793</link>
      <pubDate>Sun, 14 Jul 2019 15:31:26 +0000</pubDate>


      <slash:comments>0</slash:comments>

      <SongKey>56fe</SongKey>
      <DownloadURL>https://beatsaver.com/api/download/key/56fe</DownloadURL>
      <Hash>8c260c424d2c5601f6d64139715f935f704e4b29</Hash>
      <LevelAuthorName>Rustic</LevelAuthorName>
      <SongTitle>Xilent &#8211; The Darkness</SongTitle>
    </item>
    <item>
      <guid isPermaLink="false">8eb5751156bb7bf2aaf3de7a1030c53a</guid>
      <title>uncurated wrote a new post</title>
      <link>https://bsaber.com/?p=1167796</link>
      <pubDate>Sun, 14 Jul 2019 15:30:51 +0000</pubDate>


      <slash:comments>0</slash:comments>

      <SongKey>56fd</SongKey>
      <DownloadURL>https://beatsaver.com/api/download/key/56fd</DownloadURL>
      <Hash>c85c16376dfa3bed7288fcaa68297f151224567b</Hash>
      <LevelAuthorName>Rustic</LevelAuthorName>
      <SongTitle>Xilent &#8211; Blue Shadows</SongTitle>
    </item>
    <item>
      <guid isPermaLink="false">40fd6ee6fffd5209cc95e7e98aa80fd4</guid>
      <title>uncurated wrote a new post</title>
      <link>https://bsaber.com/?p=1167799</link>
      <pubDate>Sun, 14 Jul 2019 15:30:06 +0000</pubDate>


      <slash:comments>0</slash:comments>

      <SongKey>56fc</SongKey>
      <DownloadURL>https://beatsaver.com/api/download/key/56fc</DownloadURL>
      <Hash>efdc54725bca3471366b81e757978b17d03e05cc</Hash>
      <LevelAuthorName>Rustic</LevelAuthorName>
      <SongTitle>Xilent &#8211; You Rise</SongTitle>
    </item>
    <item>
      <guid isPermaLink="false">b62c2de8e176552d776567fde609b539</guid>
      <title>uncurated wrote a new post</title>
      <link>https://bsaber.com/?p=1167771</link>
      <pubDate>Sun, 14 Jul 2019 08:07:43 +0000</pubDate>


      <slash:comments>0</slash:comments>

      <SongKey>56f5</SongKey>
      <DownloadURL>https://beatsaver.com/api/download/key/56f5</DownloadURL>
      <Hash>d5809d1236bf13549d7d6e4af0c39bfd7b917d16</Hash>
      <LevelAuthorName>Pixelguy</LevelAuthorName>
      <SongTitle>Glow &#8211; Vexento</SongTitle>
    </item>
    <item>
      <guid isPermaLink="false">33f335bddf8b572418c5024c02ba1863</guid>
      <title>uncurated wrote a new post</title>
      <link>https://bsaber.com/?p=1167614</link>
      <pubDate>Sat, 13 Jul 2019 12:11:30 +0000</pubDate>


      <slash:comments>0</slash:comments>

      <SongKey>56c2</SongKey>
      <DownloadURL>https://beatsaver.com/api/download/key/56c2</DownloadURL>
      <Hash>56d18c176906a23b15702d3eb33f8669322ee312</Hash>
      <LevelAuthorName>Teuflum</LevelAuthorName>
      <SongTitle>On The Floor (ft. Pitbull) &#8211; Jennifer Lopez</SongTitle>
    </item>
    <item>
      <guid isPermaLink="false">a68be352cabc939e280dec2469014f50</guid>
      <title>uncurated wrote a new post</title>
      <link>https://bsaber.com/?p=1167567</link>
      <pubDate>Sat, 13 Jul 2019 05:01:13 +0000</pubDate>


      <slash:comments>0</slash:comments>

      <SongKey>56b3</SongKey>
      <DownloadURL>https://beatsaver.com/api/download/key/56b3</DownloadURL>
      <Hash>5bdd8ddebcce1e19bcd10ca8921b0d1ab7624506</Hash>
      <LevelAuthorName>CyanSnow</LevelAuthorName>
      <SongTitle>Caravan Palace &#8211; Wonderland</SongTitle>
    </item>
    <item>
      <guid isPermaLink="false">740a452160c18da0406f18a0acac18c3</guid>
      <title>uncurated wrote a new post</title>
      <link>https://bsaber.com/?p=1167526</link>
      <pubDate>Sat, 13 Jul 2019 01:47:26 +0000</pubDate>


      <slash:comments>0</slash:comments>

      <SongKey>56a8</SongKey>
      <DownloadURL>https://beatsaver.com/api/download/key/56a8</DownloadURL>
      <Hash>97df7b3a2cccedd9ce5473aff669c693e46a1778</Hash>
      <LevelAuthorName>KuritsaDBS</LevelAuthorName>
      <SongTitle>Walking On The Moon &#8211; Infected Mushroom</SongTitle>
    </item>
    <item>
      <guid isPermaLink="false">1011defa87cdecaa6f24155d79f634a9</guid>
      <title>uncurated wrote a new post</title>
      <link>https://bsaber.com/?p=1167462</link>
      <pubDate>Fri, 12 Jul 2019 18:52:06 +0000</pubDate>


      <slash:comments>0</slash:comments>

      <SongKey>5696</SongKey>
      <DownloadURL>https://beatsaver.com/api/download/key/5696</DownloadURL>
      <Hash>6f0e5d5342fc6de7f5ec66fe082c3df6716352f4</Hash>
      <LevelAuthorName>Pixelguy</LevelAuthorName>
      <SongTitle>Never Letting Go &#8211; Vexento</SongTitle>
    </item>
    <item>
      <guid isPermaLink="false">06b80e9d396c8092ab57a15b34355228</guid>
      <title>uncurated wrote a new post</title>
      <link>https://bsaber.com/?p=1167452</link>
      <pubDate>Fri, 12 Jul 2019 18:35:41 +0000</pubDate>


      <slash:comments>0</slash:comments>

      <SongKey>5695</SongKey>
      <DownloadURL>https://beatsaver.com/api/download/key/5695</DownloadURL>
      <Hash>47f9453ef1ddc51d865d3e8cb543dc4a8a83f06a</Hash>
      <LevelAuthorName>Ab &amp; Uninstaller</LevelAuthorName>
      <SongTitle>Touch Off &#8211; The Promised Neverlands OP [Mapped by Ab, Lighted by Uninstaller]</SongTitle>
    </item>
    <item>
      <guid isPermaLink="false">69dcfc47a27c27d9b366e010c1427fcd</guid>
      <title>uncurated wrote a new post</title>
      <link>https://bsaber.com/?p=1167373</link>
      <pubDate>Fri, 12 Jul 2019 07:05:12 +0000</pubDate>


      <slash:comments>0</slash:comments>

      <SongKey>5681</SongKey>
      <DownloadURL>https://beatsaver.com/api/download/key/5681</DownloadURL>
      <Hash>c9c76a57f4ea43a635513e7fa30c7779dd674561</Hash>
      <LevelAuthorName>Joetastic</LevelAuthorName>
      <SongTitle>Bleeding Rose (泣血薔薇) &#8211; Jinny Ng</SongTitle>
    </item>
    <item>
      <guid isPermaLink="false">415cdf08ef61d22191fdaa91cb6707ad</guid>
      <title>uncurated wrote a new post</title>
      <link>https://bsaber.com/?p=1167348</link>
      <pubDate>Fri, 12 Jul 2019 01:44:55 +0000</pubDate>


      <slash:comments>0</slash:comments>

      <SongKey>5679</SongKey>
      <DownloadURL>https://beatsaver.com/api/download/key/5679</DownloadURL>
      <Hash>a3bbbe2d6f64dfe8324c7098d5c35281d21fd20f</Hash>
      <LevelAuthorName>Ryger</LevelAuthorName>
      <SongTitle>Me &amp; U &#8211; Succducc</SongTitle>
    </item>
    <item>
      <guid isPermaLink="false">16c73df9b48c0167ac6b325cc508d803</guid>
      <title>uncurated wrote a new post</title>
      <link>https://bsaber.com/?p=1167338</link>
      <pubDate>Fri, 12 Jul 2019 00:55:51 +0000</pubDate>


      <slash:comments>0</slash:comments>

      <SongKey>5675</SongKey>
      <DownloadURL>https://beatsaver.com/api/download/key/5675</DownloadURL>
      <Hash>122cbcfcf875abbe4956e612e5966208d7792688</Hash>
      <LevelAuthorName>Ryger</LevelAuthorName>
      <SongTitle>Daft Punk &#8211; Pentatonix</SongTitle>
    </item>
    <item>
      <guid isPermaLink="false">982effa078c9af9e5f71b2a09e14f36c</guid>
      <title>uncurated wrote a new post</title>
      <link>https://bsaber.com/?p=1167335</link>
      <pubDate>Fri, 12 Jul 2019 00:49:23 +0000</pubDate>


      <slash:comments>0</slash:comments>

      <SongKey>5674</SongKey>
      <DownloadURL>https://beatsaver.com/api/download/key/5674</DownloadURL>
      <Hash>3eed1e51cf4d59abf48b11f82127a08677cd0911</Hash>
      <LevelAuthorName>Ryger</LevelAuthorName>
      <SongTitle>The End &#8211; Neil Cicierega</SongTitle>
    </item>
    <item>
      <guid isPermaLink="false">9ead2e70c07ce444e037e46d0f72f7db</guid>
      <title>uncurated wrote a new post</title>
      <link>https://bsaber.com/?p=1167332</link>
      <pubDate>Fri, 12 Jul 2019 00:46:35 +0000</pubDate>


      <slash:comments>0</slash:comments>

      <SongKey>5673</SongKey>
      <DownloadURL>https://beatsaver.com/api/download/key/5673</DownloadURL>
      <Hash>bf611bedbb348fc336a5caed7c97018d698f67cb</Hash>
      <LevelAuthorName>Ryger</LevelAuthorName>
      <SongTitle>Shiba Island &#8211; James Landino</SongTitle>
    </item>
    <item>
      <guid isPermaLink="false">fa0c2c647fb60c76c03e33b4700b7be3</guid>
      <title>uncurated wrote a new post</title>
      <link>https://bsaber.com/?p=1167326</link>
      <pubDate>Thu, 11 Jul 2019 23:44:28 +0000</pubDate>


      <slash:comments>0</slash:comments>

      <SongKey>5671</SongKey>
      <DownloadURL>https://beatsaver.com/api/download/key/5671</DownloadURL>
      <Hash>09573e8a2f702781d215670d58e51c3d069060bf</Hash>
      <LevelAuthorName>Majorpickle</LevelAuthorName>
      <SongTitle>K7 &#8211; Come Baby Come</SongTitle>
    </item>
    <item>
      <guid isPermaLink="false">ee44c812a41a9004f1745b268a94ff34</guid>
      <title>uncurated wrote a new post</title>
      <link>https://bsaber.com/?p=1167266</link>
      <pubDate>Thu, 11 Jul 2019 14:03:37 +0000</pubDate>


      <slash:comments>0</slash:comments>

      <SongKey>5665</SongKey>
      <DownloadURL>https://beatsaver.com/api/download/key/5665</DownloadURL>
      <Hash>d7289d46a7e5bf84bea59a62b557abf50067a864</Hash>
      <LevelAuthorName>Pixelguy</LevelAuthorName>
      <SongTitle>Zimzalabim &#8211; Red Velvet</SongTitle>
    </item>
    <item>
      <guid isPermaLink="false">1fea79a4757dab512869577a9c998225</guid>
      <title>uncurated wrote a new post</title>
      <link>https://bsaber.com/?p=1167249</link>
      <pubDate>Thu, 11 Jul 2019 12:16:14 +0000</pubDate>


      <slash:comments>0</slash:comments>

      <SongKey>5664</SongKey>
      <DownloadURL>https://beatsaver.com/api/download/key/5664</DownloadURL>
      <Hash>d64f5400f932ecb1dc924b4e96d2b08918fcc5e4</Hash>
      <LevelAuthorName>Heisenberg</LevelAuthorName>
      <SongTitle>Holding Out For A Hero</SongTitle>
    </item>
    <item>
      <guid isPermaLink="false">e4797fd6e22da6eb7e7b68d0af38bfe8</guid>
      <title>uncurated wrote a new post</title>
      <link>https://bsaber.com/?p=1167214</link>
      <pubDate>Thu, 11 Jul 2019 02:22:32 +0000</pubDate>


      <slash:comments>0</slash:comments>

      <SongKey>565e</SongKey>
      <DownloadURL>https://beatsaver.com/api/download/key/565e</DownloadURL>
      <Hash>5a9e8a13b6a75bf8fde9fe030d8a723d5a4491d2</Hash>
      <LevelAuthorName>Hoppaw</LevelAuthorName>
      <SongTitle>Legend of Millennium (Short Ver.) &#8211; Hazuki</SongTitle>
    </item>
    <item>
      <guid isPermaLink="false">656be67928fb71abcc78c7d8eefc40b9</guid>
      <title>uncurated wrote a new post</title>
      <link>https://bsaber.com/?p=1167210</link>
      <pubDate>Thu, 11 Jul 2019 01:34:21 +0000</pubDate>


      <slash:comments>0</slash:comments>

      <SongKey>565d</SongKey>
      <DownloadURL>https://beatsaver.com/api/download/key/565d</DownloadURL>
      <Hash>3be16c84a3c6058ba2352f778338d55294ba6992</Hash>
      <LevelAuthorName>Brentastic</LevelAuthorName>
      <SongTitle>Under Cover of Darkness &#8211; The Strokes</SongTitle>
    </item>
    <item>
      <guid isPermaLink="false">a696cde6c472d221c1de3fa27b2b95fd</guid>
      <title>uncurated wrote a new post</title>
      <link>https://bsaber.com/?p=1167158</link>
      <pubDate>Wed, 10 Jul 2019 16:31:39 +0000</pubDate>


      <slash:comments>0</slash:comments>

      <SongKey>564d</SongKey>
      <DownloadURL>https://beatsaver.com/api/download/key/564d</DownloadURL>
      <Hash>453272dc87db07e26731cfbbbabead26712232e4</Hash>
      <LevelAuthorName>KikaeAeon</LevelAuthorName>
      <SongTitle>Snail&#8217;s House × Moe Shop &#8211; Pastel</SongTitle>
    </item>
    <item>
      <guid isPermaLink="false">677a2d3e4d9666e73f45126a8056d5d0</guid>
      <title>uncurated wrote a new post</title>
      <link>https://bsaber.com/?p=1167122</link>
      <pubDate>Wed, 10 Jul 2019 09:04:08 +0000</pubDate>


      <slash:comments>0</slash:comments>

      <SongKey>5641</SongKey>
      <DownloadURL>https://beatsaver.com/api/download/key/5641</DownloadURL>
      <Hash>c0929ba4250944307ad97230a38da1c450eae54c</Hash>
      <LevelAuthorName>Joetastic</LevelAuthorName>
      <SongTitle>Miiro [BanG Dream! Soundtrack] &#8211; Roselia</SongTitle>
    </item>
    <item>
      <guid isPermaLink="false">a0257874054f4ed7adf0c0f3507f3c2c</guid>
      <title>uncurated wrote a new post</title>
      <link>https://bsaber.com/?p=1167009</link>
      <pubDate>Tue, 09 Jul 2019 19:24:09 +0000</pubDate>


      <slash:comments>0</slash:comments>

      <SongKey>562a</SongKey>
      <DownloadURL>https://beatsaver.com/api/download/key/562a</DownloadURL>
      <Hash>e0a2ac2516867582d96ba72d4bd7f76ec98f98f4</Hash>
      <LevelAuthorName>Joetastic</LevelAuthorName>
      <SongTitle>Last Resort &#8211; Papa Roach</SongTitle>
    </item>
    <item>
      <guid isPermaLink="false">a7e9b2940e6845aa8adafc8405011f41</guid>
      <title>uncurated wrote a new post</title>
      <link>https://bsaber.com/?p=1166946</link>
      <pubDate>Tue, 09 Jul 2019 07:40:24 +0000</pubDate>


      <slash:comments>1</slash:comments>

      <SongKey>561c</SongKey>
      <DownloadURL>https://beatsaver.com/api/download/key/561c</DownloadURL>
      <Hash>4e54da2ed0a9cda841ff2d6d6cf7021a017b8325</Hash>
      <LevelAuthorName>Oddloop</LevelAuthorName>
      <SongTitle>TheFatRat &#8211; The Calling feat. Laura Brehm</SongTitle>
    </item>
    <item>
      <guid isPermaLink="false">f15df93a4930fb5c7cc2140ba251d384</guid>
      <title>uncurated wrote a new post</title>
      <link>https://bsaber.com/?p=1166927</link>
      <pubDate>Tue, 09 Jul 2019 02:56:20 +0000</pubDate>


      <slash:comments>0</slash:comments>

      <SongKey>5616</SongKey>
      <DownloadURL>https://beatsaver.com/api/download/key/5616</DownloadURL>
      <Hash>76bc9c795600df8c663dea4927f470d0a7700ab3</Hash>
      <LevelAuthorName>Skyler Wallace</LevelAuthorName>
      <SongTitle>Sanctuary &#8211; Joji (All Difficulties, Single Saber, &amp; No Arrows)</SongTitle>
    </item>
    <item>
      <guid isPermaLink="false">34c514f1d878ac1590db247d5085f36b</guid>
      <title>uncurated wrote a new post</title>
      <link>https://bsaber.com/?p=1166915</link>
      <pubDate>Tue, 09 Jul 2019 02:06:34 +0000</pubDate>


      <slash:comments>0</slash:comments>

      <SongKey>5611</SongKey>
      <DownloadURL>https://beatsaver.com/api/download/key/5611</DownloadURL>
      <Hash>25dff71b1b83199345c555f6387ac61a5d567d76</Hash>
      <LevelAuthorName>Ris</LevelAuthorName>
      <SongTitle>Spoonman &#8211; Soundgarden</SongTitle>
    </item>
    <item>
      <guid isPermaLink="false">4b0086655903bd40e1304966f51be08d</guid>
      <title>uncurated wrote a new post</title>
      <link>https://bsaber.com/?p=1166903</link>
      <pubDate>Tue, 09 Jul 2019 00:04:52 +0000</pubDate>


      <slash:comments>0</slash:comments>

      <SongKey>560e</SongKey>
      <DownloadURL>https://beatsaver.com/api/download/key/560e</DownloadURL>
      <Hash>b6255e4d87b840b04271c8d3c0a1d48b55624484</Hash>
      <LevelAuthorName>xScaramouche</LevelAuthorName>
      <SongTitle>FLO &#8211; JOYRYDE</SongTitle>
    </item>
    <item>
      <guid isPermaLink="false">aa111e9814333a5440d72d11fbd8600b</guid>
      <title>uncurated wrote a new post</title>
      <link>https://bsaber.com/?p=1166888</link>
      <pubDate>Mon, 08 Jul 2019 22:20:20 +0000</pubDate>


      <slash:comments>0</slash:comments>

      <SongKey>5609</SongKey>
      <DownloadURL>https://beatsaver.com/api/download/key/5609</DownloadURL>
      <Hash>a9118d1e9403d44a24cba8da9b37e4f0b004b0b4</Hash>
      <LevelAuthorName>Sykes</LevelAuthorName>
      <SongTitle>Where Am I &#8211; Getsix</SongTitle>
    </item>
    <item>
      <guid isPermaLink="false">3f93d6ee8cd922749b1421464b9105dc</guid>
      <title>uncurated wrote a new post</title>
      <link>https://bsaber.com/?p=1166884</link>
      <pubDate>Mon, 08 Jul 2019 21:24:41 +0000</pubDate>


      <slash:comments>0</slash:comments>

      <SongKey>5606</SongKey>
      <DownloadURL>https://beatsaver.com/api/download/key/5606</DownloadURL>
      <Hash>d6497a25ebf9c9293fc359ed3ad0c1884047e3d5</Hash>
      <LevelAuthorName>DemonTony360 &amp; HappyGLT</LevelAuthorName>
      <SongTitle>You Are The Only One &#8211; Sergey Lazarev V2</SongTitle>
    </item>
    <item>
      <guid isPermaLink="false">d7e2a6d2fb1fc4ef7be7dce963abba12</guid>
      <title>uncurated wrote a new post</title>
      <link>https://bsaber.com/?p=1166813</link>
      <pubDate>Mon, 08 Jul 2019 12:37:25 +0000</pubDate>


      <slash:comments>0</slash:comments>

      <SongKey>55f5</SongKey>
      <DownloadURL>https://beatsaver.com/api/download/key/55f5</DownloadURL>
      <Hash>ae3f34db204c0ea649a1009f6679c285e98cd88b</Hash>
      <LevelAuthorName>Joetastic</LevelAuthorName>
      <SongTitle>Ruling Me &#8211; Weezer</SongTitle>
    </item>
    <item>
      <guid isPermaLink="false">965fbb049ef8ef7e4148b1938fcb1a3f</guid>
      <title>uncurated wrote a new post</title>
      <link>https://bsaber.com/?p=1166764</link>
      <pubDate>Mon, 08 Jul 2019 09:06:33 +0000</pubDate>


      <slash:comments>0</slash:comments>

      <SongKey>55f2</SongKey>
      <DownloadURL>https://beatsaver.com/api/download/key/55f2</DownloadURL>
      <Hash>8c6438508baa5d9af4d17a919effdb5f5745bbd0</Hash>
      <LevelAuthorName>AmstradHero</LevelAuthorName>
      <SongTitle>Fury &#8211; Feint</SongTitle>
    </item>
    <item>
      <guid isPermaLink="false">ba8b09dc8c7793ce86acd2c93ea4cdec</guid>
      <title>uncurated wrote a new post</title>
      <link>https://bsaber.com/?p=1166743</link>
      <pubDate>Mon, 08 Jul 2019 07:52:24 +0000</pubDate>


      <slash:comments>0</slash:comments>

      <SongKey>55f1</SongKey>
      <DownloadURL>https://beatsaver.com/api/download/key/55f1</DownloadURL>
      <Hash>5dab65e6c56a1657d53d2dcf9c8c796ad2ae9357</Hash>
      <LevelAuthorName>Joetastic</LevelAuthorName>
      <SongTitle>Shin Ai [BanG Dream! Soundtrack] &#8211; Roselia</SongTitle>
    </item>
    <item>
      <guid isPermaLink="false">196298a48df650805118cafdd35cf227</guid>
      <title>uncurated wrote a new post</title>
      <link>https://bsaber.com/?p=1166629</link>
      <pubDate>Sun, 07 Jul 2019 15:13:54 +0000</pubDate>


      <slash:comments>0</slash:comments>

      <SongKey>55e0</SongKey>
      <DownloadURL>https://beatsaver.com/api/download/key/55e0</DownloadURL>
      <Hash>c9c18976f771e855f09e23f5dd98aaefb61e1b8a</Hash>
      <LevelAuthorName>KikaeAeon</LevelAuthorName>
      <SongTitle>Fall Out Boy &#8211; The Take Over, The Breaks Over</SongTitle>
    </item>
    <item>
      <guid isPermaLink="false">d4a04def50075ddcbd26264692edbea4</guid>
      <title>uncurated wrote a new post</title>
      <link>https://bsaber.com/?p=1166605</link>
      <pubDate>Sun, 07 Jul 2019 11:51:32 +0000</pubDate>


      <slash:comments>0</slash:comments>

      <SongKey>55dd</SongKey>
      <DownloadURL>https://beatsaver.com/api/download/key/55dd</DownloadURL>
      <Hash>3fedeb86dea392dda6558ad9ef75c147698a6765</Hash>
      <LevelAuthorName>Ab</LevelAuthorName>
      <SongTitle>I Prevail &#8211; Hurricane [Mapped by Ab]</SongTitle>
    </item>
    <item>
      <guid isPermaLink="false">7071a0ace00fb7e0c82aab8c0f27d501</guid>
      <title>uncurated wrote a new post</title>
      <link>https://bsaber.com/?p=1166508</link>
      <pubDate>Sun, 07 Jul 2019 05:51:39 +0000</pubDate>


      <slash:comments>0</slash:comments>

      <SongKey>55d6</SongKey>
      <DownloadURL>https://beatsaver.com/api/download/key/55d6</DownloadURL>
      <Hash>18fc2b140f04041bf67c6cde01137634f814d841</Hash>
      <LevelAuthorName>BennyDaBeast</LevelAuthorName>
      <SongTitle>(6 Lane) Perfect Situation &#8211; Weezer</SongTitle>
    </item>
    <item>
      <guid isPermaLink="false">89e776b8ea71f1a9356b05cb929db3c9</guid>
      <title>uncurated wrote a new post</title>
      <link>https://bsaber.com/?p=1166377</link>
      <pubDate>Sun, 07 Jul 2019 01:49:57 +0000</pubDate>


      <slash:comments>0</slash:comments>

      <SongKey>55d1</SongKey>
      <DownloadURL>https://beatsaver.com/api/download/key/55d1</DownloadURL>
      <Hash>20b9326bd71db4454aba08df06b035ea536322a9</Hash>
      <LevelAuthorName>TechButterfly</LevelAuthorName>
      <SongTitle>Short Skirt Long Jacket &#8211; Cake</SongTitle>
    </item>
    <item>
      <guid isPermaLink="false">4067a4385609227c8c0716b3f2ac7ada</guid>
      <title>uncurated wrote a new post</title>
      <link>https://bsaber.com/?p=1166339</link>
      <pubDate>Sat, 06 Jul 2019 17:41:22 +0000</pubDate>


      <slash:comments>0</slash:comments>

      <SongKey>55c8</SongKey>
      <DownloadURL>https://beatsaver.com/api/download/key/55c8</DownloadURL>
      <Hash>911cf3bc9e3bd421b48a8ab0db7dd172ed24a1fa</Hash>
      <LevelAuthorName>Skyler Wallace</LevelAuthorName>
      <SongTitle>Next Life (ft. Krewella) &#8211; Adventure Club x Crankdat (All Difficulties &amp; Single Saber)</SongTitle>
    </item>
    <item>
      <guid isPermaLink="false">99fdbde1c2fc3e9b785976e59f3d263b</guid>
      <title>uncurated wrote a new post</title>
      <link>https://bsaber.com/?p=1166336</link>
      <pubDate>Sat, 06 Jul 2019 17:22:37 +0000</pubDate>


      <slash:comments>0</slash:comments>

      <SongKey>55c7</SongKey>
      <DownloadURL>https://beatsaver.com/api/download/key/55c7</DownloadURL>
      <Hash>c4345b1ac5de502254cbc2e3bae117f79d922b11</Hash>
      <LevelAuthorName>Joetastic</LevelAuthorName>
      <SongTitle>DDD &#8211; EXID</SongTitle>
    </item>
    <item>
      <guid isPermaLink="false">77032ec66f44ba8615a90fe2ec005e86</guid>
      <title>uncurated wrote a new post</title>
      <link>https://bsaber.com/?p=1166267</link>
      <pubDate>Sat, 06 Jul 2019 02:29:54 +0000</pubDate>


      <slash:comments>0</slash:comments>

      <SongKey>55b8</SongKey>
      <DownloadURL>https://beatsaver.com/api/download/key/55b8</DownloadURL>
      <Hash>9c92b6ccbac6b19dfa86b4553f6f123606a40250</Hash>
      <LevelAuthorName>Majorpickle</LevelAuthorName>
      <SongTitle>Kool &amp; The Gang &#8211; Get Down On It</SongTitle>
    </item>
    <item>
      <guid isPermaLink="false">89216c5107f3579e96514c9051e292e8</guid>
      <title>uncurated wrote a new post</title>
      <link>https://bsaber.com/?p=1166223</link>
      <pubDate>Fri, 05 Jul 2019 22:14:05 +0000</pubDate>


      <slash:comments>0</slash:comments>

      <SongKey>55b5</SongKey>
      <DownloadURL>https://beatsaver.com/api/download/key/55b5</DownloadURL>
      <Hash>31ed951ac4ec4a2aa802fbfcb21f5c2cd828a8eb</Hash>
      <LevelAuthorName>Kolezan and Malakite</LevelAuthorName>
      <SongTitle>Gokusaishiki &#8211; REOL</SongTitle>
    </item>
    <item>
      <guid isPermaLink="false">91a2e0f6394d65a4f62bb51de2d845d1</guid>
      <title>uncurated wrote a new post</title>
      <link>https://bsaber.com/?p=1166134</link>
      <pubDate>Fri, 05 Jul 2019 15:36:58 +0000</pubDate>


      <slash:comments>0</slash:comments>

      <SongKey>55ae</SongKey>
      <DownloadURL>https://beatsaver.com/api/download/key/55ae</DownloadURL>
      <Hash>67691e785d432e34f90ba07324053ad443917e99</Hash>
      <LevelAuthorName>Samuel &amp; TheRealZeroz</LevelAuthorName>
      <SongTitle>PSYQUI feat. mizankil &#8211; Bye or not</SongTitle>
    </item>
    <item>
      <guid isPermaLink="false">27efef9ed88034e207a3377b78e1907d</guid>
      <title>uncurated wrote a new post</title>
      <link>https://bsaber.com/?p=1166125</link>
      <pubDate>Fri, 05 Jul 2019 14:41:46 +0000</pubDate>


      <slash:comments>0</slash:comments>

      <SongKey>55ab</SongKey>
      <DownloadURL>https://beatsaver.com/api/download/key/55ab</DownloadURL>
      <Hash>659e12ca4791b0b292a7528f7131d7a0e32564d5</Hash>
      <LevelAuthorName>Joetastic</LevelAuthorName>
      <SongTitle>It&#8217;s My Turn (RWBY: Volume 3 Soundtrack) &#8211; Jeff Williams ft. Casey Lee Williams (Fixed version)</SongTitle>
    </item>
    <item>
      <guid isPermaLink="false">c568c4c63e714a2cd1eab5e93606cae6</guid>
      <title>uncurated wrote a new post</title>
      <link>https://bsaber.com/?p=1166077</link>
      <pubDate>Fri, 05 Jul 2019 10:17:23 +0000</pubDate>


      <slash:comments>0</slash:comments>

      <SongKey>55a6</SongKey>
      <DownloadURL>https://beatsaver.com/api/download/key/55a6</DownloadURL>
      <Hash>ba941ea42c18d0e00d772875448bd837a72cb08f</Hash>
      <LevelAuthorName>Strofan </LevelAuthorName>
      <SongTitle>Fall Out Boy &#8211; The Phoenix</SongTitle>
    </item>
    <item>
      <guid isPermaLink="false">b3ca68c6206fcbe8d366d6c0942c5fbc</guid>
      <title>uncurated wrote a new post</title>
      <link>https://bsaber.com/?p=1166004</link>
      <pubDate>Fri, 05 Jul 2019 08:16:52 +0000</pubDate>


      <slash:comments>0</slash:comments>

      <SongKey>55a5</SongKey>
      <DownloadURL>https://beatsaver.com/api/download/key/55a5</DownloadURL>
      <Hash>a01f855fbd0a927b48e07464f09a2172c47ce3cd</Hash>
      <LevelAuthorName>Joetastic</LevelAuthorName>
      <SongTitle>The Middle &#8211; Jimmy Eat World</SongTitle>
    </item>
    <item>
      <guid isPermaLink="false">233def5b7b67c5dcb2a97b959a117e7e</guid>
      <title>uncurated wrote a new post</title>
      <link>https://bsaber.com/?p=1165741</link>
      <pubDate>Fri, 05 Jul 2019 01:02:52 +0000</pubDate>


      <slash:comments>0</slash:comments>

      <SongKey>55a0</SongKey>
      <DownloadURL>https://beatsaver.com/api/download/key/55a0</DownloadURL>
      <Hash>7273559c10ebec61ba93bf4c677a49500b44ccbe</Hash>
      <LevelAuthorName>HelenCarnate</LevelAuthorName>
      <SongTitle>Blow &#8211; Kesha (FIXED)</SongTitle>
    </item>
    <item>
      <guid isPermaLink="false">c80a24b5ab65562e9269ed662cfcfec2</guid>
      <title>uncurated wrote a new post</title>
      <link>https://bsaber.com/?p=1165665</link>
      <pubDate>Thu, 04 Jul 2019 22:10:32 +0000</pubDate>


      <slash:comments>0</slash:comments>

      <SongKey>559c</SongKey>
      <DownloadURL>https://beatsaver.com/api/download/key/559c</DownloadURL>
      <Hash>26e25d4f0c676e5865a015437da391c480627eb4</Hash>
      <LevelAuthorName>Hexagonial</LevelAuthorName>
      <SongTitle>Mewhan &#8211; Boku no Friend</SongTitle>
    </item>
    <item>
      <guid isPermaLink="false">e89b789d3f5bea9dd100b3a99c589a78</guid>
      <title>uncurated wrote a new post</title>
      <link>https://bsaber.com/?p=1165649</link>
      <pubDate>Thu, 04 Jul 2019 21:17:05 +0000</pubDate>


      <slash:comments>0</slash:comments>

      <SongKey>5597</SongKey>
      <DownloadURL>https://beatsaver.com/api/download/key/5597</DownloadURL>
      <Hash>3cf199d250f35f2b9dd16e75cb26095db438801b</Hash>
      <LevelAuthorName>Klexx</LevelAuthorName>
      <SongTitle>Where Do We Go</SongTitle>
    </item>
    <item>
      <guid isPermaLink="false">37bca7c220b661766782bf211a563f01</guid>
      <title>uncurated wrote a new post</title>
      <link>https://bsaber.com/?p=1165640</link>
      <pubDate>Thu, 04 Jul 2019 20:57:54 +0000</pubDate>


      <slash:comments>0</slash:comments>

      <SongKey>5594</SongKey>
      <DownloadURL>https://beatsaver.com/api/download/key/5594</DownloadURL>
      <Hash>e3491ff97c244263c69928f5d050d47e3312356e</Hash>
      <LevelAuthorName>Majorpickle</LevelAuthorName>
      <SongTitle>Marvin Gaye &#8211; Lets get it on</SongTitle>
    </item>
    <item>
      <guid isPermaLink="false">900fa1d0d879c280f62ff5f0eb4719e0</guid>
      <title>uncurated wrote a new post</title>
      <link>https://bsaber.com/?p=1165588</link>
      <pubDate>Thu, 04 Jul 2019 14:36:53 +0000</pubDate>


      <slash:comments>0</slash:comments>

      <SongKey>5586</SongKey>
      <DownloadURL>https://beatsaver.com/api/download/key/5586</DownloadURL>
      <Hash>d1e121d028c3e1b41692f6d4f6767e60e935a476</Hash>
      <LevelAuthorName>Pixelguy</LevelAuthorName>
      <SongTitle>Sentimento &#8211; Vexento</SongTitle>
    </item>
    <item>
      <guid isPermaLink="false">8d366b10dc6ff345583b4f0d8afbf55d</guid>
      <title>uncurated wrote a new post</title>
      <link>https://bsaber.com/?p=1165591</link>
      <pubDate>Thu, 04 Jul 2019 14:36:17 +0000</pubDate>


      <slash:comments>0</slash:comments>

      <SongKey>5585</SongKey>
      <DownloadURL>https://beatsaver.com/api/download/key/5585</DownloadURL>
      <Hash>e3487474b70d969927e459a1590e93b7ad25a436</Hash>
      <LevelAuthorName>Pixelguy</LevelAuthorName>
      <SongTitle>Glad to see you &#8211; Vexento</SongTitle>
    </item>

  </channel>
</rss>