{

  "songs": [
    {
      "uid": 143199,
      "id": "0597F8F7D8E396EBFEF511DC9EC98B69635CE532",
      "name": "Saint's Beat",
      "songSubName": "",
      "songAuthorName": "Zeami",
      "levelAuthorName": "ejiejidayo",
      "bpm": 169,
      "diff": "_Expert_SoloStandard",
      "scores": "979",
      "scores_day": 54,
      "ranked": 1,
      "stars": 3.92,
      "image": "/imports/images/songs/0597F8F7D8E396EBFEF511DC9EC98B69635CE532.png"
    },
    {
      "uid": 143198,
      "id": "0597F8F7D8E396EBFEF511DC9EC98B69635CE532",
      "name": "Saint's Beat",
      "songSubName": "",
      "songAuthorName": "Zeami",
      "levelAuthorName": "ejiejidayo",
      "bpm": 169,
      "diff": "_ExpertPlus_SoloStandard",
      "scores": "1,207",
      "scores_day": 55,
      "ranked": 1,
      "stars": 7.03,
      "image": "/imports/images/songs/0597F8F7D8E396EBFEF511DC9EC98B69635CE532.png"
    },
    {
      "uid": 143200,
      "id": "0597F8F7D8E396EBFEF511DC9EC98B69635CE532",
      "name": "Saint's Beat",
      "songSubName": "",
      "songAuthorName": "Zeami",
      "levelAuthorName": "ejiejidayo",
      "bpm": 169,
      "diff": "_Hard_SoloStandard",
      "scores": "628",
      "scores_day": 49,
      "ranked": 1,
      "stars": 2.05,
      "image": "/imports/images/songs/0597F8F7D8E396EBFEF511DC9EC98B69635CE532.png"
    },
    {
      "uid": 142218,
      "id": "33CD7A8CCEC00B8DBCFB82E4FF677C73E789FA67",
      "name": "Ai no Sukima (Short Ver.)",
      "songSubName": "",
      "songAuthorName": "MIMI feat. Hatsune Miku",
      "levelAuthorName": "Hoppaw",
      "bpm": 204,
      "diff": "_ExpertPlus_SoloStandard",
      "scores": "1,507",
      "scores_day": 106,
      "ranked": 1,
      "stars": 3.5,
      "image": "/imports/images/songs/33CD7A8CCEC00B8DBCFB82E4FF677C73E789FA67.png"
    },
    {
      "uid": 142221,
      "id": "33CD7A8CCEC00B8DBCFB82E4FF677C73E789FA67",
      "name": "Ai no Sukima (Short Ver.)",
      "songSubName": "",
      "songAuthorName": "MIMI feat. Hatsune Miku",
      "levelAuthorName": "Hoppaw",
      "bpm": 204,
      "diff": "_Normal_SoloStandard",
      "scores": "821",
      "scores_day": 83,
      "ranked": 1,
      "stars": 1.98,
      "image": "/imports/images/songs/33CD7A8CCEC00B8DBCFB82E4FF677C73E789FA67.png"
    },
    {
      "uid": 142222,
      "id": "33CD7A8CCEC00B8DBCFB82E4FF677C73E789FA67",
      "name": "Ai no Sukima (Short Ver.)",
      "songSubName": "",
      "songAuthorName": "MIMI feat. Hatsune Miku",
      "levelAuthorName": "Hoppaw",
      "bpm": 204,
      "diff": "_Easy_SoloStandard",
      "scores": "793",
      "scores_day": 65,
      "ranked": 1,
      "stars": 1.28,
      "image": "/imports/images/songs/33CD7A8CCEC00B8DBCFB82E4FF677C73E789FA67.png"
    },
    {
      "uid": 142220,
      "id": "33CD7A8CCEC00B8DBCFB82E4FF677C73E789FA67",
      "name": "Ai no Sukima (Short Ver.)",
      "songSubName": "",
      "songAuthorName": "MIMI feat. Hatsune Miku",
      "levelAuthorName": "Hoppaw",
      "bpm": 204,
      "diff": "_Hard_SoloStandard",
      "scores": "593",
      "scores_day": 48,
      "ranked": 1,
      "stars": 2.32,
      "image": "/imports/images/songs/33CD7A8CCEC00B8DBCFB82E4FF677C73E789FA67.png"
    },
    {
      "uid": 142219,
      "id": "33CD7A8CCEC00B8DBCFB82E4FF677C73E789FA67",
      "name": "Ai no Sukima (Short Ver.)",
      "songSubName": "",
      "songAuthorName": "MIMI feat. Hatsune Miku",
      "levelAuthorName": "Hoppaw",
      "bpm": 204,
      "diff": "_Expert_SoloStandard",
      "scores": "622",
      "scores_day": 43,
      "ranked": 1,
      "stars": 2.97,
      "image": "/imports/images/songs/33CD7A8CCEC00B8DBCFB82E4FF677C73E789FA67.png"
    },
    {
      "uid": 141298,
      "id": "972DFC4A9369D42A8037B4260C93018A82BFB49F",
      "name": "Time Lapse",
      "songSubName": "",
      "songAuthorName": "Poppin Party",
      "levelAuthorName": "Joetastic",
      "bpm": 192,
      "diff": "_ExpertPlus_SoloStandard",
      "scores": "1,511",
      "scores_day": 77,
      "ranked": 1,
      "stars": 3.77,
      "image": "/imports/images/songs/972DFC4A9369D42A8037B4260C93018A82BFB49F.png"
    },
    {
      "uid": 141297,
      "id": "972DFC4A9369D42A8037B4260C93018A82BFB49F",
      "name": "Time Lapse",
      "songSubName": "",
      "songAuthorName": "Poppin Party",
      "levelAuthorName": "Joetastic",
      "bpm": 192,
      "diff": "_Expert_SoloStandard",
      "scores": "945",
      "scores_day": 62,
      "ranked": 1,
      "stars": 2.61,
      "image": "/imports/images/songs/972DFC4A9369D42A8037B4260C93018A82BFB49F.png"
    },
    {
      "uid": 141296,
      "id": "972DFC4A9369D42A8037B4260C93018A82BFB49F",
      "name": "Time Lapse",
      "songSubName": "",
      "songAuthorName": "Poppin Party",
      "levelAuthorName": "Joetastic",
      "bpm": 192,
      "diff": "_Hard_SoloStandard",
      "scores": "530",
      "scores_day": 42,
      "ranked": 1,
      "stars": 1.58,
      "image": "/imports/images/songs/972DFC4A9369D42A8037B4260C93018A82BFB49F.png"
    },
    {
      "uid": 140905,
      "id": "1E86B21402C5EE98F3DB246F218135B3FF61A21A",
      "name": "Shera ",
      "songSubName": "",
      "songAuthorName": "MYUKKE",
      "levelAuthorName": "iraky & Hoppaw",
      "bpm": 150,
      "diff": "_ExpertPlus_SoloStandard",
      "scores": "1,317",
      "scores_day": 74,
      "ranked": 1,
      "stars": 5.38,
      "image": "/imports/images/songs/1E86B21402C5EE98F3DB246F218135B3FF61A21A.png"
    },
    {
      "uid": 140903,
      "id": "1E86B21402C5EE98F3DB246F218135B3FF61A21A",
      "name": "Shera ",
      "songSubName": "",
      "songAuthorName": "MYUKKE",
      "levelAuthorName": "iraky & Hoppaw",
      "bpm": 150,
      "diff": "_Hard_SoloStandard",
      "scores": "633",
      "scores_day": 37,
      "ranked": 1,
      "stars": 2.86,
      "image": "/imports/images/songs/1E86B21402C5EE98F3DB246F218135B3FF61A21A.png"
    },
    {
      "uid": 140904,
      "id": "1E86B21402C5EE98F3DB246F218135B3FF61A21A",
      "name": "Shera ",
      "songSubName": "",
      "songAuthorName": "MYUKKE",
      "levelAuthorName": "iraky & Hoppaw",
      "bpm": 150,
      "diff": "_Expert_SoloStandard",
      "scores": "723",
      "scores_day": 33,
      "ranked": 1,
      "stars": 4.9,
      "image": "/imports/images/songs/1E86B21402C5EE98F3DB246F218135B3FF61A21A.png"
    },
    {
      "uid": 140902,
      "id": "1E86B21402C5EE98F3DB246F218135B3FF61A21A",
      "name": "Shera ",
      "songSubName": "",
      "songAuthorName": "MYUKKE",
      "levelAuthorName": "iraky & Hoppaw",
      "bpm": 150,
      "diff": "_Normal_SoloStandard",
      "scores": "308",
      "scores_day": 21,
      "ranked": 1,
      "stars": 1.97,
      "image": "/imports/images/songs/1E86B21402C5EE98F3DB246F218135B3FF61A21A.png"
    },
    {
      "uid": 140901,
      "id": "1E86B21402C5EE98F3DB246F218135B3FF61A21A",
      "name": "Shera ",
      "songSubName": "",
      "songAuthorName": "MYUKKE",
      "levelAuthorName": "iraky & Hoppaw",
      "bpm": 150,
      "diff": "_Easy_SoloStandard",
      "scores": "205",
      "scores_day": 9,
      "ranked": 1,
      "stars": 1.28,
      "image": "/imports/images/songs/1E86B21402C5EE98F3DB246F218135B3FF61A21A.png"
    },
    {
      "uid": 140570,
      "id": "E1AE03504B1E23AA44CCB194134C84B1BE21C8DA",
      "name": "Ether Strike",
      "songSubName": "",
      "songAuthorName": "Akira Complex",
      "levelAuthorName": "Various Mappers",
      "bpm": 156,
      "diff": "_ExpertPlus_SoloStandard",
      "scores": "934",
      "scores_day": 54,
      "ranked": 1,
      "stars": 5.85,
      "image": "/imports/images/songs/E1AE03504B1E23AA44CCB194134C84B1BE21C8DA.png"
    },
    {
      "uid": 140565,
      "id": "E1AE03504B1E23AA44CCB194134C84B1BE21C8DA",
      "name": "Ether Strike",
      "songSubName": "",
      "songAuthorName": "Akira Complex",
      "levelAuthorName": "Various Mappers",
      "bpm": 156,
      "diff": "_Expert_SoloStandard",
      "scores": "786",
      "scores_day": 51,
      "ranked": 1,
      "stars": 4.36,
      "image": "/imports/images/songs/E1AE03504B1E23AA44CCB194134C84B1BE21C8DA.png"
    },
    {
      "uid": 140564,
      "id": "E1AE03504B1E23AA44CCB194134C84B1BE21C8DA",
      "name": "Ether Strike",
      "songSubName": "",
      "songAuthorName": "Akira Complex",
      "levelAuthorName": "Various Mappers",
      "bpm": 156,
      "diff": "_Hard_SoloStandard",
      "scores": "665",
      "scores_day": 53,
      "ranked": 1,
      "stars": 2,
      "image": "/imports/images/songs/E1AE03504B1E23AA44CCB194134C84B1BE21C8DA.png"
    },
    {
      "uid": 137896,
      "id": "C9C15D3F3109A8F732B41B299CE84556BEBF73AC",
      "name": "Deja Vu (Short Ver.)",
      "songSubName": "",
      "songAuthorName": "Dave Rodgers",
      "levelAuthorName": "Redmagi",
      "bpm": 154,
      "diff": "_ExpertPlus_SoloStandard",
      "scores": "2,999",
      "scores_day": 202,
      "ranked": 1,
      "stars": 4.46,
      "image": "/imports/images/songs/C9C15D3F3109A8F732B41B299CE84556BEBF73AC.png"
    },
    {
      "uid": 137893,
      "id": "C9C15D3F3109A8F732B41B299CE84556BEBF73AC",
      "name": "Deja Vu (Short Ver.)",
      "songSubName": "",
      "songAuthorName": "Dave Rodgers",
      "levelAuthorName": "Redmagi",
      "bpm": 154,
      "diff": "_Expert_SoloStandard",
      "scores": "1,850",
      "scores_day": 123,
      "ranked": 1,
      "stars": 2.68,
      "image": "/imports/images/songs/C9C15D3F3109A8F732B41B299CE84556BEBF73AC.png"
    },
    {
      "uid": 137892,
      "id": "C9C15D3F3109A8F732B41B299CE84556BEBF73AC",
      "name": "Deja Vu (Short Ver.)",
      "songSubName": "",
      "songAuthorName": "Dave Rodgers",
      "levelAuthorName": "Redmagi",
      "bpm": 154,
      "diff": "_Hard_SoloStandard",
      "scores": "1,678",
      "scores_day": 122,
      "ranked": 1,
      "stars": 1.92,
      "image": "/imports/images/songs/C9C15D3F3109A8F732B41B299CE84556BEBF73AC.png"
    },
    {
      "uid": 137970,
      "id": "FA2A01DE3AAF0FF05BC7634501440210E151E188",
      "name": "Fallin' Angel",
      "songSubName": "",
      "songAuthorName": "Takeshi Watanabe",
      "levelAuthorName": "Hoppaw",
      "bpm": 160,
      "diff": "_ExpertPlus_SoloStandard",
      "scores": "1,036",
      "scores_day": 62,
      "ranked": 1,
      "stars": 5.95,
      "image": "/imports/images/songs/FA2A01DE3AAF0FF05BC7634501440210E151E188.png"
    },
    {
      "uid": 137899,
      "id": "C9C15D3F3109A8F732B41B299CE84556BEBF73AC",
      "name": "Deja Vu (Short Ver.)",
      "songSubName": "",
      "songAuthorName": "Dave Rodgers",
      "levelAuthorName": "Redmagi",
      "bpm": 154,
      "diff": "_Normal_SoloStandard",
      "scores": "1,041",
      "scores_day": 55,
      "ranked": 1,
      "stars": 1.29,
      "image": "/imports/images/songs/C9C15D3F3109A8F732B41B299CE84556BEBF73AC.png"
    },
    {
      "uid": 137898,
      "id": "C9C15D3F3109A8F732B41B299CE84556BEBF73AC",
      "name": "Deja Vu (Short Ver.)",
      "songSubName": "",
      "songAuthorName": "Dave Rodgers",
      "levelAuthorName": "Redmagi",
      "bpm": 154,
      "diff": "_Easy_SoloStandard",
      "scores": "408",
      "scores_day": 25,
      "ranked": 1,
      "stars": 0.95,
      "image": "/imports/images/songs/C9C15D3F3109A8F732B41B299CE84556BEBF73AC.png"
    },
    {
      "uid": 137218,
      "id": "B70AEEF2EE915CED48593422931E8BA2A1F4E973",
      "name": "Crying for Rain",
      "songSubName": "",
      "songAuthorName": "Minami",
      "levelAuthorName": "squeaksies",
      "bpm": 137,
      "diff": "_Expert_SoloStandard",
      "scores": "1,118",
      "scores_day": 84,
      "ranked": 1,
      "stars": 2.73,
      "image": "/imports/images/songs/B70AEEF2EE915CED48593422931E8BA2A1F4E973.png"
    },
    {
      "uid": 137209,
      "id": "B70AEEF2EE915CED48593422931E8BA2A1F4E973",
      "name": "Crying for Rain",
      "songSubName": "",
      "songAuthorName": "Minami",
      "levelAuthorName": "squeaksies",
      "bpm": 137,
      "diff": "_ExpertPlus_SoloStandard",
      "scores": "1,313",
      "scores_day": 67,
      "ranked": 1,
      "stars": 4.83,
      "image": "/imports/images/songs/B70AEEF2EE915CED48593422931E8BA2A1F4E973.png"
    },
    {
      "uid": 137373,
      "id": "36AFD0E84D8DB7600DB5D023BE779BB47421BE6F",
      "name": "Enigma II",
      "songSubName": "",
      "songAuthorName": "Toromaru",
      "levelAuthorName": "Yun0",
      "bpm": 201,
      "diff": "_ExpertPlus_SoloStandard",
      "scores": "586",
      "scores_day": 47,
      "ranked": 1,
      "stars": 8.74,
      "image": "/imports/images/songs/36AFD0E84D8DB7600DB5D023BE779BB47421BE6F.png"
    },
    {
      "uid": 137239,
      "id": "B70AEEF2EE915CED48593422931E8BA2A1F4E973",
      "name": "Crying for Rain",
      "songSubName": "",
      "songAuthorName": "Minami",
      "levelAuthorName": "squeaksies",
      "bpm": 137,
      "diff": "_Hard_SoloStandard",
      "scores": "659",
      "scores_day": 46,
      "ranked": 1,
      "stars": 1.73,
      "image": "/imports/images/songs/B70AEEF2EE915CED48593422931E8BA2A1F4E973.png"
    },
    {
      "uid": 137259,
      "id": "B70AEEF2EE915CED48593422931E8BA2A1F4E973",
      "name": "Crying for Rain",
      "songSubName": "",
      "songAuthorName": "Minami",
      "levelAuthorName": "squeaksies",
      "bpm": 137,
      "diff": "_Normal_SoloStandard",
      "scores": "296",
      "scores_day": 15,
      "ranked": 1,
      "stars": 0.88,
      "image": "/imports/images/songs/B70AEEF2EE915CED48593422931E8BA2A1F4E973.png"
    },
    {
      "uid": 137234,
      "id": "B70AEEF2EE915CED48593422931E8BA2A1F4E973",
      "name": "Crying for Rain",
      "songSubName": "",
      "songAuthorName": "Minami",
      "levelAuthorName": "squeaksies",
      "bpm": 137,
      "diff": "_Easy_SoloStandard",
      "scores": "166",
      "scores_day": 5,
      "ranked": 1,
      "stars": 0.73,
      "image": "/imports/images/songs/B70AEEF2EE915CED48593422931E8BA2A1F4E973.png"
    },
    {
      "uid": 136105,
      "id": "BA2FD3E414A9E0868AC4D0D450ED9F74B5797CC2",
      "name": "Last Proof",
      "songSubName": "",
      "songAuthorName": "ZAQ",
      "levelAuthorName": "Scrappy",
      "bpm": 196,
      "diff": "_ExpertPlus_SoloStandard",
      "scores": "597",
      "scores_day": 34,
      "ranked": 1,
      "stars": 6.49,
      "image": "/imports/images/songs/BA2FD3E414A9E0868AC4D0D450ED9F74B5797CC2.png"
    },
    {
      "uid": 135393,
      "id": "9D5D9271F2F7E793748AD4028511EDEE800B40E8",
      "name": "Yugure",
      "songSubName": "",
      "songAuthorName": "Kobaryo",
      "levelAuthorName": "Souk & Puds",
      "bpm": 180,
      "diff": "_ExpertPlus_SoloStandard",
      "scores": "1,062",
      "scores_day": 55,
      "ranked": 1,
      "stars": 7.82,
      "image": "/imports/images/songs/9D5D9271F2F7E793748AD4028511EDEE800B40E8.png"
    },
    {
      "uid": 133669,
      "id": "A4DB5E8CFB99B835DA0429B5586B15217C3335D7",
      "name": "Freedom Dive Music Box",
      "songSubName": "",
      "songAuthorName": "XI&R3 Music Box",
      "levelAuthorName": "carrot",
      "bpm": 83,
      "diff": "_Expert_SoloStandard",
      "scores": "2,034",
      "scores_day": 110,
      "ranked": 1,
      "stars": 0.77,
      "image": "/imports/images/songs/A4DB5E8CFB99B835DA0429B5586B15217C3335D7.png"
    },
    {
      "uid": 133895,
      "id": "967D96E7DFD3EE444071E0A24DCC5FBB5B535266",
      "name": "Summer Night Hiking",
      "songSubName": "",
      "songAuthorName": "YUC'e",
      "levelAuthorName": "Uninstaller",
      "bpm": 170,
      "diff": "_ExpertPlus_SoloStandard",
      "scores": "996",
      "scores_day": 40,
      "ranked": 1,
      "stars": 4.15,
      "image": "/imports/images/songs/967D96E7DFD3EE444071E0A24DCC5FBB5B535266.png"
    },
    {
      "uid": 133893,
      "id": "967D96E7DFD3EE444071E0A24DCC5FBB5B535266",
      "name": "Summer Night Hiking",
      "songSubName": "",
      "songAuthorName": "YUC'e",
      "levelAuthorName": "Uninstaller",
      "bpm": 170,
      "diff": "_Expert_SoloStandard",
      "scores": "579",
      "scores_day": 36,
      "ranked": 1,
      "stars": 2.37,
      "image": "/imports/images/songs/967D96E7DFD3EE444071E0A24DCC5FBB5B535266.png"
    },
    {
      "uid": 133744,
      "id": "97747D8098D115BA2654452986893FFCC157392C",
      "name": "Blue Zenith ",
      "songSubName": "",
      "songAuthorName": "xi",
      "levelAuthorName": "Fern & Oddloop",
      "bpm": 200,
      "diff": "_ExpertPlus_SoloStandard",
      "scores": "774",
      "scores_day": 33,
      "ranked": 1,
      "stars": 7.89,
      "image": "/imports/images/songs/97747D8098D115BA2654452986893FFCC157392C.png"
    },
    {
      "uid": 132640,
      "id": "BD93D34BEFA6C15388707DB4144796307D428A9A",
      "name": "MIRROR",
      "songSubName": "",
      "songAuthorName": "THE ORAL CIGARETTES",
      "levelAuthorName": "Aithke",
      "bpm": 202,
      "diff": "_ExpertPlus_SoloStandard",
      "scores": "800",
      "scores_day": 45,
      "ranked": 1,
      "stars": 6.07,
      "image": "/imports/images/songs/BD93D34BEFA6C15388707DB4144796307D428A9A.png"
    },
    {
      "uid": 132761,
      "id": "283095490EB5D0AA60B8117BF90D52FBC7D8300F",
      "name": "Monster",
      "songSubName": "",
      "songAuthorName": "Reol",
      "levelAuthorName": "Saut & ManDynasty",
      "bpm": 164,
      "diff": "_Expert_SoloStandard",
      "scores": "1,047",
      "scores_day": 31,
      "ranked": 1,
      "stars": 5.02,
      "image": "/imports/images/songs/283095490EB5D0AA60B8117BF90D52FBC7D8300F.png"
    },
    {
      "uid": 132356,
      "id": "283095490EB5D0AA60B8117BF90D52FBC7D8300F",
      "name": "Monster",
      "songSubName": "",
      "songAuthorName": "Reol",
      "levelAuthorName": "Saut & ManDynasty",
      "bpm": 164,
      "diff": "_ExpertPlus_SoloStandard",
      "scores": "1,190",
      "scores_day": 45,
      "ranked": 1,
      "stars": 7.7,
      "image": "/imports/images/songs/283095490EB5D0AA60B8117BF90D52FBC7D8300F.png"
    },
    {
      "uid": 132632,
      "id": "283095490EB5D0AA60B8117BF90D52FBC7D8300F",
      "name": "Monster",
      "songSubName": "",
      "songAuthorName": "Reol",
      "levelAuthorName": "Saut & ManDynasty",
      "bpm": 164,
      "diff": "_Normal_SoloStandard",
      "scores": "495",
      "scores_day": 22,
      "ranked": 1,
      "stars": 2.82,
      "image": "/imports/images/songs/283095490EB5D0AA60B8117BF90D52FBC7D8300F.png"
    },
    {
      "uid": 132665,
      "id": "3082BDB176578E683C0B5AE755A7ABAB5FF80363",
      "name": "FIRST",
      "songSubName": "",
      "songAuthorName": "AKI AKANE",
      "levelAuthorName": "Saut",
      "bpm": 190,
      "diff": "_Hard_SoloStandard",
      "scores": "418",
      "scores_day": 20,
      "ranked": 1,
      "stars": 3.41,
      "image": "/imports/images/songs/3082BDB176578E683C0B5AE755A7ABAB5FF80363.png"
    },
    {
      "uid": 132467,
      "id": "3082BDB176578E683C0B5AE755A7ABAB5FF80363",
      "name": "FIRST",
      "songSubName": "",
      "songAuthorName": "AKI AKANE",
      "levelAuthorName": "Saut",
      "bpm": 190,
      "diff": "_Expert_SoloStandard",
      "scores": "688",
      "scores_day": 25,
      "ranked": 1,
      "stars": 4.66,
      "image": "/imports/images/songs/3082BDB176578E683C0B5AE755A7ABAB5FF80363.png"
    },
    {
      "uid": 132413,
      "id": "283095490EB5D0AA60B8117BF90D52FBC7D8300F",
      "name": "Monster",
      "songSubName": "",
      "songAuthorName": "Reol",
      "levelAuthorName": "Saut & ManDynasty",
      "bpm": 164,
      "diff": "_Hard_SoloStandard",
      "scores": "660",
      "scores_day": 23,
      "ranked": 1,
      "stars": 3.55,
      "image": "/imports/images/songs/283095490EB5D0AA60B8117BF90D52FBC7D8300F.png"
    },
    {
      "uid": 132369,
      "id": "3082BDB176578E683C0B5AE755A7ABAB5FF80363",
      "name": "FIRST",
      "songSubName": "",
      "songAuthorName": "AKI AKANE",
      "levelAuthorName": "Saut",
      "bpm": 190,
      "diff": "_ExpertPlus_SoloStandard",
      "scores": "512",
      "scores_day": 16,
      "ranked": 1,
      "stars": 6.41,
      "image": "/imports/images/songs/3082BDB176578E683C0B5AE755A7ABAB5FF80363.png"
    },
    {
      "uid": 132410,
      "id": "3082BDB176578E683C0B5AE755A7ABAB5FF80363",
      "name": "FIRST",
      "songSubName": "",
      "songAuthorName": "AKI AKANE",
      "levelAuthorName": "Saut",
      "bpm": 190,
      "diff": "_Normal_SoloStandard",
      "scores": "337",
      "scores_day": 14,
      "ranked": 1,
      "stars": 2.62,
      "image": "/imports/images/songs/3082BDB176578E683C0B5AE755A7ABAB5FF80363.png"
    },
    {
      "uid": 131978,
      "id": "F369747C6B54914DEAA163AAE85816BA5A8C1845",
      "name": "Fallen (Short Ver.)",
      "songSubName": "",
      "songAuthorName": "EGOIST",
      "levelAuthorName": "Uninstaller & Saut",
      "bpm": 193,
      "diff": "_Hard_SoloStandard",
      "scores": "896",
      "scores_day": 24,
      "ranked": 1,
      "stars": 3.64,
      "image": "/imports/images/songs/F369747C6B54914DEAA163AAE85816BA5A8C1845.png"
    },
    {
      "uid": 131947,
      "id": "F369747C6B54914DEAA163AAE85816BA5A8C1845",
      "name": "Fallen (Short Ver.)",
      "songSubName": "",
      "songAuthorName": "EGOIST",
      "levelAuthorName": "Uninstaller & Saut",
      "bpm": 193,
      "diff": "_ExpertPlus_SoloStandard",
      "scores": "818",
      "scores_day": 27,
      "ranked": 1,
      "stars": 5.74,
      "image": "/imports/images/songs/F369747C6B54914DEAA163AAE85816BA5A8C1845.png"
    },
    {
      "uid": 131951,
      "id": "F369747C6B54914DEAA163AAE85816BA5A8C1845",
      "name": "Fallen (Short Ver.)",
      "songSubName": "",
      "songAuthorName": "EGOIST",
      "levelAuthorName": "Uninstaller & Saut",
      "bpm": 193,
      "diff": "_Expert_SoloStandard",
      "scores": "604",
      "scores_day": 18,
      "ranked": 1,
      "stars": 6.09,
      "image": "/imports/images/songs/F369747C6B54914DEAA163AAE85816BA5A8C1845.png"
    },
    {
      "uid": 132019,
      "id": "F369747C6B54914DEAA163AAE85816BA5A8C1845",
      "name": "Fallen (Short Ver.)",
      "songSubName": "",
      "songAuthorName": "EGOIST",
      "levelAuthorName": "Uninstaller & Saut",
      "bpm": 193,
      "diff": "_Normal_SoloStandard",
      "scores": "357",
      "scores_day": 11,
      "ranked": 1,
      "stars": 2.4,
      "image": "/imports/images/songs/F369747C6B54914DEAA163AAE85816BA5A8C1845.png"
    }
  ]

}
